200
10
1000	500	0	1000	1038.000000	2113.000000
8	7	3	7	9264.000000	3002.000000
7	4	0	5	4715.000000	630.000000
9	9	1	2	7886.000000	8544.000000
10	4	8	8	5524.000000	8426.000000
7	0	6	7	1387.000000	2587.000000
6	5	6	6	912.000000	6593.000000
6	1	6	6	4282.000000	5027.000000
8	5	8	8	7548.000000	350.000000
10	4	10	10	1615.000000	1803.000000
7	4	2	7	4959.000000	9260.000000
9	3	4	8	3250.000000	5563.000000
8	8	3	7	8313.000000	1062.000000
8	7	5	6	7314.000000	2363.000000
9	8	9	9	5152.000000	660.000000
7	3	3	7	3064.000000	1843.000000
10	5	10	10	5571.000000	947.000000
10	4	1	9	7446.000000	3169.000000
9	5	3	4	8705.000000	171.000000
8	8	3	8	5963.000000	8817.000000
6	5	0	0	8427.000000	9377.000000
7	5	1	2	40.000000	4908.000000
9	8	8	9	6891.000000	2902.000000
8	1	7	7	9164.000000	3350.000000
8	5	5	8	4527.000000	6943.000000
8	0	8	8	575.000000	1717.000000
10	10	10	10	465.000000	9624.000000
9	5	1	1	5506.000000	6780.000000
9	5	7	9	5828.000000	9247.000000
10	3	4	7	1049.000000	151.000000
7	0	6	6	1937.000000	6751.000000
7	6	0	2	8186.000000	3472.000000
6	6	2	2	146.000000	1797.000000
6	0	4	5	1439.000000	7332.000000
10	8	7	9	9595.000000	7231.000000
6	0	3	4	9586.000000	7091.000000
8	1	5	5	648.000000	3695.000000
6	4	2	2	5909.000000	8105.000000
10	4	8	9	324.000000	837.000000
10	9	5	6	5907.000000	9052.000000
10	0	5	7	1123.000000	1782.000000
8	4	0	6	4157.000000	7557.000000
7	1	5	7	1825.000000	64.000000
7	6	6	7	782.000000	6816.000000
7	3	0	2	5367.000000	1458.000000
8	2	3	4	1348.000000	2955.000000
9	1	9	9	1265.000000	2443.000000
8	3	5	8	4274.000000	3938.000000
10	4	2	7	5122.000000	4550.000000
7	6	5	6	7655.000000	6159.000000
6	0	6	6	6982.000000	5683.000000
9	4	2	2	6383.000000	4845.000000
9	1	7	9	1470.000000	1081.000000
7	7	0	0	6375.000000	5456.000000
8	7	4	5	4683.000000	6062.000000
7	0	0	7	6357.000000	5849.000000
8	5	5	6	8202.000000	8752.000000
10	9	3	5	8908.000000	4462.000000
6	5	0	2	5634.000000	54.000000
7	0	2	3	2272.000000	8753.000000
6	4	5	6	4810.000000	2245.000000
7	4	4	6	1053.000000	7672.000000
9	1	6	7	6163.000000	1969.000000
10	7	8	9	4061.000000	4941.000000
10	10	0	1	6348.000000	9846.000000
7	1	1	2	8950.000000	968.000000
9	2	9	9	633.000000	1652.000000
9	2	9	9	7877.000000	7828.000000
9	7	1	8	2904.000000	2635.000000
8	1	6	8	2506.000000	6422.000000
9	8	3	7	9137.000000	5846.000000
9	7	6	6	9663.000000	663.000000
7	6	0	7	2126.000000	4189.000000
8	7	0	0	2292.000000	2692.000000
6	6	0	6	4829.000000	3432.000000
10	9	10	10	3235.000000	2706.000000
6	5	5	5	3063.000000	7555.000000
10	2	0	3	7752.000000	790.000000
10	1	8	9	8121.000000	107.000000
9	9	2	7	1405.000000	1390.000000
6	6	0	4	3462.000000	1428.000000
6	1	0	1	2929.000000	8197.000000
6	5	5	6	7722.000000	7341.000000
7	3	1	2	124.000000	2226.000000
8	6	2	2	749.000000	4679.000000
8	2	7	7	7351.000000	7284.000000
6	4	6	6	1966.000000	8003.000000
7	4	1	5	567.000000	4687.000000
10	10	4	5	3048.000000	3068.000000
6	0	1	3	3759.000000	6570.000000
7	7	3	7	2525.000000	3525.000000
8	8	1	3	8061.000000	1998.000000
6	5	0	2	5585.000000	260.000000
10	3	3	7	2716.000000	8391.000000
7	1	3	3	505.000000	7710.000000
7	5	5	7	1939.000000	5229.000000
7	1	3	5	4363.000000	3796.000000
8	3	1	4	884.000000	3873.000000
9	5	6	6	61.000000	1022.000000
7	2	6	6	2019.000000	1262.000000
8	7	1	6	1828.000000	2170.000000
6	3	5	6	3171.000000	2210.000000
6	4	5	6	8861.000000	3660.000000
9	8	0	0	4945.000000	5080.000000
9	6	4	5	9378.000000	5585.000000
7	5	1	4	1971.000000	6592.000000
10	8	7	9	9239.000000	5264.000000
7	6	3	3	8439.000000	1455.000000
8	4	1	4	562.000000	8461.000000
8	4	4	6	905.000000	2726.000000
9	6	2	8	1327.000000	3410.000000
10	6	7	10	7952.000000	4369.000000
6	4	3	5	738.000000	7314.000000
9	7	5	7	3318.000000	4672.000000
7	3	5	5	8581.000000	8757.000000
10	4	9	9	6346.000000	1364.000000
7	1	4	7	8460.000000	2522.000000
6	2	1	4	8682.000000	488.000000
6	3	1	6	2915.000000	1725.000000
9	3	9	9	442.000000	3272.000000
7	2	2	7	3312.000000	3335.000000
8	2	2	3	2039.000000	5613.000000
9	4	6	7	128.000000	8597.000000
9	9	6	9	4422.000000	166.000000
10	2	1	3	9973.000000	8886.000000
6	4	6	6	7552.000000	2882.000000
6	4	0	5	6001.000000	9154.000000
8	6	6	7	6270.000000	8225.000000
7	6	0	2	8064.000000	334.000000
9	8	6	7	2717.000000	4096.000000
6	4	1	5	2671.000000	7147.000000
8	8	1	8	7661.000000	8757.000000
10	2	10	10	5043.000000	77.000000
7	1	0	2	4573.000000	3759.000000
8	3	7	7	1866.000000	4414.000000
8	4	7	8	5832.000000	6664.000000
7	5	5	7	8075.000000	370.000000
10	10	1	6	2763.000000	3312.000000
8	4	5	8	2232.000000	2311.000000
7	5	7	7	3368.000000	4902.000000
8	8	0	8	9582.000000	7960.000000
10	4	7	9	6045.000000	3059.000000
6	3	6	6	4584.000000	196.000000
10	0	5	7	2083.000000	2184.000000
10	8	2	6	1778.000000	7082.000000
9	6	3	4	8015.000000	9060.000000
10	1	10	10	5307.000000	1634.000000
7	3	6	6	8883.000000	4576.000000
9	3	1	8	8710.000000	578.000000
7	4	5	6	5225.000000	4315.000000
8	7	2	3	8091.000000	21.000000
6	0	2	4	9954.000000	1395.000000
7	4	1	7	5148.000000	2142.000000
9	1	7	8	3213.000000	5546.000000
7	6	1	2	8287.000000	213.000000
7	6	0	2	3758.000000	7757.000000
8	5	4	8	3414.000000	9036.000000
7	2	1	6	4516.000000	2577.000000
8	8	4	7	4540.000000	5104.000000
10	9	6	9	7885.000000	1431.000000
10	0	10	10	2171.000000	7000.000000
7	6	2	5	1833.000000	6070.000000
6	5	3	4	5164.000000	5446.000000
10	5	3	10	8531.000000	5288.000000
8	3	5	5	7614.000000	7753.000000
7	1	6	7	6997.000000	8506.000000
6	1	4	6	1373.000000	150.000000
9	2	4	7	4483.000000	7870.000000
6	3	1	2	9803.000000	6560.000000
7	6	4	4	3384.000000	4999.000000
10	4	8	9	4610.000000	4947.000000
6	4	1	4	1379.000000	8504.000000
9	0	8	9	6518.000000	2395.000000
10	1	3	5	7550.000000	1407.000000
9	9	8	9	7973.000000	223.000000
10	9	4	8	7294.000000	6062.000000
6	5	3	3	6731.000000	3697.000000
10	6	0	10	8773.000000	6750.000000
9	6	1	5	2794.000000	5116.000000
6	4	5	6	2424.000000	5032.000000
8	8	1	3	3697.000000	1199.000000
7	3	7	7	9931.000000	8862.000000
10	9	2	10	1668.000000	8658.000000
8	6	5	7	9456.000000	2465.000000
6	6	2	4	5567.000000	5697.000000
7	4	2	3	9719.000000	2236.000000
7	4	5	7	457.000000	9704.000000
9	1	6	6	380.000000	1181.000000
6	0	0	5	4966.000000	776.000000
8	5	5	6	6181.000000	3580.000000
10	7	1	6	4393.000000	743.000000
10	10	9	10	1234.000000	5971.000000
6	4	2	5	7792.000000	7712.000000
9	4	0	8	8177.000000	7845.000000
7	4	4	5	625.000000	4962.000000
8	2	1	8	7511.000000	4982.000000
9	6	5	6	9927.000000	5737.000000
8	4	7	7	1581.000000	4738.000000
9	3	5	5	5279.000000	1002.000000
10	9	4	6	2210.000000	296.000000
10	8	7	10	9761.000000	8555.000000
10000 17 8 19 16 2 9 9 14 2 17 9 15 13 9 5 10 13 16 17 21 6 12 17 12 2 16 13 18 4 10 15 2 11 20 20 4 16 3 17 1 13 5 10 9 2 1 8 10 16 14 13 3 13 11 13 20 17 11 14 8 12 11 9 19 16 2 18 4 10 18 18 5 3 9 5 12 14 15 2 6 13 17 2 6 17 12 6 5 11 5 15 10 13 12 7 8 4 3 3 2 5 16 10 19 10 18 15 13 2 3 15 11 7 21 11 15 16 4 3 6 8 14 8 23 14 18 17 15 6 11 19 9 8 5 14 15 5 3 8 21 11 9 3 11 20 9 17 16 10 15 18 9 9 15 13 15 8 10 14 11 9 11 17 18 18 4 14 20 8 10 13 11 14 15 15 12 19 7 7 6 23 14 17 12 18 16 3 9 11 8 8 18 19 6 15 20 6 9 5 22 
17 10000 11 12 14 16 19 11 7 16 16 14 5 5 10 13 9 4 6 14 13 19 5 1 13 18 23 11 15 18 17 3 19 18 9 9 18 13 19 14 17 14 16 19 9 16 17 11 9 8 8 7 17 8 12 9 12 4 10 19 10 19 7 12 15 5 18 11 13 16 6 5 15 14 9 13 16 6 7 17 13 17 10 19 18 10 18 18 13 14 14 4 10 17 20 16 10 17 19 15 15 13 2 10 6 17 5 4 21 17 16 4 20 13 12 7 2 6 13 18 12 16 22 12 12 4 14 13 6 14 16 12 11 10 16 11 6 14 15 13 10 7 11 15 18 13 9 4 5 9 7 4 9 14 6 15 17 10 11 5 17 17 10 5 11 12 17 14 8 13 11 20 6 5 7 8 6 8 14 15 12 12 19 2 10 2 23 19 10 7 11 18 10 10 18 6 6 16 9 16 12 
8 11 10000 18 16 8 15 9 6 7 18 11 8 7 1 5 2 8 9 17 20 13 7 11 13 9 20 13 18 8 14 9 10 15 17 17 11 16 9 18 8 14 6 15 3 9 8 7 8 13 12 10 7 11 11 11 18 12 3 17 4 16 4 9 19 9 9 16 6 13 14 10 9 7 6 6 15 7 7 7 3 16 15 10 12 15 16 12 6 13 8 8 2 17 17 11 7 11 10 6 7 5 11 9 14 14 13 8 18 9 9 10 16 9 18 4 9 8 5 11 7 12 19 2 20 8 18 16 7 9 14 18 2 7 10 13 7 7 6 9 18 6 1 7 15 19 3 12 8 8 7 11 4 11 8 15 18 4 9 7 14 13 10 13 16 17 7 15 16 10 9 18 6 6 7 13 8 15 10 10 3 20 18 11 11 11 21 9 1 7 1 13 16 17 12 11 15 11 2 6 19 
19 12 18 10000 5 18 15 11 17 19 7 12 15 13 17 17 16 11 17 4 2 18 12 11 8 21 15 6 5 22 13 11 21 14 5 5 18 5 22 5 20 8 21 15 16 18 19 12 10 5 7 8 20 7 9 7 1 9 18 12 15 14 14 11 5 16 21 2 16 12 6 17 15 17 12 15 10 16 17 20 17 10 3 21 17 3 12 17 15 10 15 14 18 11 15 14 12 17 22 19 18 16 10 10 7 13 8 15 15 19 17 9 15 12 2 15 13 17 17 19 14 14 16 19 5 12 4 4 17 14 11 1 18 12 15 6 17 15 17 12 4 12 18 18 13 2 15 9 17 10 18 15 14 12 17 9 9 14 10 15 12 14 9 7 2 2 22 7 6 12 10 14 13 15 17 6 10 5 13 13 17 5 13 13 8 14 16 22 17 11 18 15 2 2 17 8 7 15 16 21 4 
16 14 16 5 10000 15 10 8 17 16 3 8 16 13 16 15 15 12 18 2 7 14 12 13 4 17 11 4 2 19 8 12 18 9 9 9 14 2 19 2 16 4 19 11 14 14 15 10 8 7 7 8 17 7 6 6 6 11 17 7 13 10 13 8 4 17 17 5 13 8 9 18 11 14 11 13 6 16 18 17 15 6 5 17 13 5 8 13 12 6 12 14 17 6 11 10 10 14 19 16 15 14 12 7 10 8 10 16 10 15 14 10 10 9 7 15 14 18 15 15 12 9 11 17 9 12 2 2 17 11 7 5 17 10 11 4 17 12 14 9 9 11 17 15 8 6 14 11 17 9 18 17 13 8 18 4 5 12 7 15 8 9 7 9 5 3 19 3 10 9 8 9 13 15 18 6 10 8 9 10 15 9 8 15 6 15 11 18 16 10 16 10 5 6 12 8 11 11 15 18 9 
2 16 8 18 15 10000 9 8 14 2 16 8 15 12 9 4 9 13 16 16 20 6 12 16 11 3 15 12 17 5 9 14 3 10 19 19 3 15 5 16 2 12 6 9 9 1 1 7 9 15 13 11 4 12 10 12 19 16 10 13 7 11 10 8 18 16 3 17 4 8 17 17 4 2 8 4 11 14 15 3 5 12 16 3 5 16 11 5 4 10 3 14 10 12 11 6 7 3 5 3 2 4 16 9 18 9 17 15 12 2 2 14 10 6 19 11 15 16 4 3 5 7 13 8 22 13 17 15 15 5 10 18 9 7 4 13 15 4 2 7 20 10 8 2 10 19 9 16 16 9 15 18 8 7 15 12 14 7 9 14 9 8 10 16 17 17 5 13 19 7 8 12 11 13 14 14 11 17 6 6 6 22 13 17 11 17 15 4 9 10 8 7 17 18 5 14 19 5 9 5 21 
9 19 15 15 10 9 10000 8 19 10 10 6 19 16 15 11 15 15 21 12 17 4 15 18 8 10 7 10 12 13 3 16 10 2 18 18 6 11 12 12 10 7 14 1 14 8 9 9 10 14 13 12 12 12 8 11 16 17 17 6 12 3 14 8 13 20 10 15 9 4 17 22 6 9 11 10 5 18 20 11 12 6 14 9 4 13 4 4 9 6 7 17 16 6 3 4 9 6 12 11 10 10 17 9 18 3 17 19 4 8 7 15 2 7 16 16 18 20 11 7 9 3 5 15 19 16 12 12 20 7 4 15 16 10 5 10 19 8 9 6 18 13 15 10 2 16 14 17 20 10 20 21 13 6 20 7 7 11 8 18 3 3 9 16 14 13 13 8 18 6 9 4 15 17 20 13 13 16 5 5 13 19 5 19 10 20 7 11 15 13 14 2 14 15 4 14 19 4 15 13 19 
9 11 9 11 8 8 8 10000 12 9 9 3 12 9 9 7 9 8 14 9 13 9 7 11 4 10 12 5 9 12 6 9 11 8 12 12 8 7 12 9 10 6 12 8 8 8 8 3 2 8 6 5 10 5 3 5 11 10 11 9 6 9 8 1 11 13 10 10 6 5 10 14 5 7 4 6 6 11 13 10 8 7 9 11 8 8 8 8 5 4 5 10 10 8 10 5 3 8 12 9 8 7 10 2 11 6 10 11 11 9 7 8 9 3 12 9 10 13 8 9 4 5 11 10 14 8 9 8 13 4 6 11 11 3 5 5 13 5 7 2 13 6 10 8 7 11 8 10 13 3 13 14 7 3 13 6 9 5 1 11 6 6 2 9 9 9 12 6 12 2 1 10 7 10 13 7 6 10 3 4 8 14 9 12 3 13 13 11 9 5 9 7 9 10 8 7 12 6 9 11 14 
14 7 6 17 17 14 19 12 10000 13 19 14 3 5 5 10 5 6 3 18 19 18 6 7 15 15 24 14 19 14 18 7 16 19 15 15 16 16 15 18 14 16 12 19 5 14 14 10 10 12 11 10 13 11 13 12 17 9 4 20 7 20 5 12 20 4 15 15 11 16 12 5 14 12 9 10 17 1 2 13 9 19 14 16 17 14 19 17 11 15 12 4 4 19 21 15 10 16 16 12 13 10 8 11 12 17 11 3 22 15 14 9 20 13 17 4 5 3 10 16 11 16 23 7 18 6 18 16 2 13 17 17 6 10 14 14 2 12 12 13 16 7 6 12 18 18 6 9 3 10 2 6 6 14 2 17 20 8 12 3 18 17 12 11 15 17 13 17 14 13 11 21 5 3 1 12 7 14 14 14 8 18 21 6 12 6 24 15 6 8 7 17 15 16 17 10 12 15 5 11 17 
2 16 7 19 16 2 10 9 13 10000 17 9 14 12 8 3 9 12 15 17 21 7 11 16 12 3 16 13 18 4 10 14 3 12 20 20 5 16 4 17 1 13 4 11 8 3 2 7 9 15 14 12 2 13 11 13 20 16 9 14 7 12 10 8 19 15 2 18 4 10 18 17 5 3 8 4 12 13 14 1 4 14 17 4 7 16 13 7 4 11 4 13 9 14 13 7 7 5 4 2 1 4 15 10 18 10 17 14 14 3 4 14 12 7 20 10 14 15 3 4 5 8 14 7 22 13 18 16 14 6 11 19 8 8 6 13 14 4 2 8 21 10 7 2 11 20 8 16 15 9 14 17 8 9 14 13 15 7 9 13 11 9 11 16 17 18 4 14 19 8 9 14 10 12 14 15 11 18 8 7 5 22 14 16 12 17 16 3 8 10 6 9 18 18 7 14 19 6 8 4 22 
17 16 18 7 3 16 10 9 19 17 10000 9 18 15 18 16 17 14 20 3 7 14 14 15 5 18 10 6 2 20 8 14 18 9 11 11 15 3 20 2 17 4 20 10 16 15 16 11 10 9 9 10 18 9 7 8 7 13 19 6 15 9 15 9 4 19 18 7 14 8 11 20 12 15 12 14 6 18 20 18 16 5 7 18 13 7 7 13 13 6 13 16 19 5 10 11 11 14 20 18 16 15 14 9 12 9 12 18 9 16 14 12 10 10 8 17 16 20 16 16 13 10 10 19 11 14 3 4 19 12 7 6 19 12 12 6 19 13 15 10 10 13 19 16 8 7 16 13 19 10 20 19 15 9 20 4 4 14 9 17 8 9 8 11 7 5 20 3 12 10 9 8 15 17 20 8 12 10 10 10 17 10 7 17 8 17 10 19 17 12 18 10 7 8 13 10 13 12 17 19 10 
9 14 11 12 8 8 6 3 14 9 9 10000 14 11 11 8 11 10 16 9 13 7 10 13 4 10 10 6 9 12 4 11 10 6 14 14 7 8 12 9 9 5 12 6 10 7 8 4 5 9 8 7 10 7 4 7 12 12 13 7 8 7 10 3 11 15 10 11 6 3 12 17 4 7 6 6 5 14 15 10 9 6 10 10 6 9 6 6 6 3 5 12 12 6 7 3 5 6 12 9 8 7 12 4 13 4 12 14 8 8 6 10 7 2 13 11 13 15 8 8 5 3 9 12 15 11 10 9 15 4 4 11 12 5 4 6 15 5 7 2 14 8 12 8 5 12 9 12 15 5 15 16 8 1 15 5 7 7 3 13 4 4 4 11 10 10 12 6 14 2 3 7 10 12 15 9 8 12 2 2 9 15 7 14 5 15 10 11 11 8 10 5 11 11 6 9 14 4 10 11 15 
15 5 8 15 16 15 19 12 3 14 18 14 10000 4 7 11 6 5 2 17 17 19 5 5 14 16 24 13 18 15 18 5 17 19 13 13 17 15 16 17 15 16 14 19 6 15 15 10 10 11 10 9 14 10 13 11 16 7 6 20 8 20 5 12 19 2 16 14 12 16 10 3 14 13 9 11 17 2 2 14 10 18 13 17 17 13 19 18 12 15 13 2 6 19 21 16 10 16 17 13 14 11 6 11 10 17 9 1 22 16 15 7 20 13 16 4 3 2 11 17 11 16 23 8 16 4 17 15 2 13 17 16 7 10 15 13 2 12 13 13 15 7 8 13 18 17 7 8 2 9 3 4 7 14 2 17 19 9 12 2 18 17 11 9 14 16 14 16 12 13 11 21 5 2 2 11 7 12 14 15 10 16 21 4 11 4 24 16 7 7 8 18 14 14 18 9 10 16 7 13 16 
13 5 7 13 13 12 16 9 5 12 15 11 4 10000 6 9 5 2 6 14 15 16 2 5 11 14 20 10 15 14 14 3 15 16 11 11 14 12 15 14 13 13 12 16 5 12 13 7 7 8 7 6 12 7 10 8 13 6 6 17 6 17 3 9 16 5 14 11 9 13 8 6 11 11 6 9 14 4 5 12 8 15 10 15 14 10 16 15 9 12 10 2 6 16 18 13 7 14 15 11 11 9 5 8 8 14 7 3 19 13 13 5 17 10 14 3 3 5 9 14 9 13 20 8 15 2 14 12 5 10 14 13 7 7 12 10 5 10 11 10 13 3 7 11 15 14 5 6 5 6 5 6 5 11 5 13 16 6 8 3 14 14 8 7 11 13 13 13 10 10 8 18 2 2 5 8 3 10 11 12 8 15 17 5 8 5 21 15 6 4 7 15 11 12 15 6 9 13 5 12 14 
9 10 1 17 16 9 15 9 5 8 18 11 7 6 10000 5 2 7 8 17 19 14 6 10 13 10 21 13 18 9 14 9 11 16 16 16 11 15 10 17 9 14 7 16 2 9 9 7 8 13 11 9 8 10 11 11 18 11 2 18 4 17 4 9 19 8 10 16 6 13 14 10 10 8 6 6 15 6 7 8 4 16 15 11 12 14 17 13 7 13 8 7 2 17 17 12 7 11 11 7 8 6 10 9 13 14 13 7 19 10 10 10 16 9 18 3 8 8 5 11 7 12 19 2 20 7 18 16 6 9 14 17 2 7 10 13 6 8 7 10 18 6 2 7 15 18 2 11 8 8 7 10 3 11 7 15 18 5 9 6 15 13 10 12 16 17 8 15 16 10 9 18 5 6 6 12 7 15 11 11 4 19 18 10 11 10 21 10 1 7 2 14 16 16 13 10 14 11 1 6 19 
5 13 5 17 15 4 11 7 10 3 16 8 11 9 5 10000 6 10 12 16 19 9 8 13 11 5 17 12 16 6 11 11 6 12 17 17 7 14 6 16 4 12 5 11 5 5 4 5 7 13 11 9 4 10 10 11 18 13 7 14 4 13 7 7 18 12 5 16 2 10 15 14 6 3 5 2 12 10 11 4 2 13 15 6 8 14 13 8 3 10 4 10 6 14 13 8 5 6 7 3 3 1 13 8 15 10 15 11 15 5 5 12 12 6 18 7 11 12 1 6 4 8 15 5 20 10 16 15 11 5 11 17 6 5 6 12 11 3 2 7 18 7 5 3 11 18 5 13 12 7 11 14 5 8 11 12 15 4 8 10 11 9 9 13 15 16 5 13 17 7 7 14 7 10 11 12 9 16 7 7 2 20 14 13 10 14 17 6 5 8 4 10 16 16 8 11 16 7 5 4 19 
10 9 2 16 15 9 15 9 5 9 17 11 6 5 2 6 10000 6 7 16 18 14 5 9 13 11 21 12 17 10 14 8 11 16 15 15 12 15 11 17 10 14 8 16 2 10 10 7 8 12 10 8 9 10 11 10 17 10 2 17 4 17 3 9 18 7 10 15 7 13 13 9 10 8 6 6 15 5 6 9 5 16 14 12 13 14 16 13 7 12 8 6 2 16 17 12 7 12 12 8 8 6 9 9 13 14 12 6 19 10 10 9 16 9 17 2 7 7 6 12 7 12 19 3 19 6 17 15 6 9 14 17 3 6 11 12 6 8 8 10 17 5 3 8 15 17 2 10 7 7 6 9 3 11 6 15 17 4 9 5 14 13 10 11 15 16 9 15 15 10 9 18 4 5 6 11 6 14 11 11 4 19 18 9 10 9 21 11 2 6 3 14 15 15 13 9 13 12 1 7 18 
13 4 8 11 12 13 15 8 6 12 14 10 5 2 7 10 6 10000 7 12 13 16 2 4 10 15 20 9 13 15 14 2 15 15 10 9 14 11 15 13 13 11 13 16 6 13 13 7 6 6 6 4 13 6 9 6 12 4 8 16 6 16 4 8 14 6 14 10 10 12 7 7 11 11 6 9 13 5 7 13 9 14 9 15 14 9 15 15 9 11 10 3 7 15 17 12 7 14 16 12 12 9 3 7 7 13 6 4 18 14 13 3 16 9 12 5 3 6 10 15 9 12 19 9 13 1 13 11 6 10 13 12 8 6 12 8 6 10 11 9 11 3 9 11 14 12 6 5 6 5 7 7 6 10 7 12 15 6 7 4 14 13 7 5 10 11 14 12 9 9 7 17 3 4 6 6 2 8 11 11 9 13 16 5 7 5 20 15 7 3 8 14 10 10 15 4 8 13 7 12 12 
16 6 9 17 18 16 21 14 3 15 20 16 2 6 8 12 7 7 10000 19 19 20 7 7 16 17 26 15 20 16 19 7 18 21 15 14 18 17 17 19 16 18 14 21 8 16 16 12 12 13 12 11 15 12 15 13 18 9 7 22 9 22 7 14 20 2 17 16 13 18 12 3 16 14 11 13 19 3 2 15 11 20 15 18 19 15 21 19 13 17 15 4 7 21 23 17 12 18 18 14 15 12 7 13 11 19 11 3 24 17 17 9 22 15 18 6 5 1 12 18 13 18 25 9 18 6 19 17 2 15 19 18 8 11 17 15 2 14 14 15 16 8 9 14 20 18 8 9 1 11 2 4 9 16 1 19 21 10 13 4 19 19 13 11 16 18 15 18 13 15 13 23 7 4 2 13 9 14 16 16 11 18 23 5 13 5 26 17 8 9 9 19 16 16 19 10 12 17 8 13 17 
17 14 17 4 2 16 12 9 18 17 3 9 17 14 17 16 16 12 19 10000 6 15 12 13 5 18 12 5 1 20 10 12 19 10 8 9 15 2 20 1 18 5 20 12 15 15 16 11 9 7 7 8 18 7 7 6 5 11 18 8 14 11 14 9 3 17 18 5 14 9 9 18 13 15 12 14 7 17 18 18 16 7 5 18 14 5 9 14 13 7 13 15 18 7 12 11 11 15 20 18 16 15 12 8 10 10 10 16 11 16 15 10 11 10 6 15 14 18 16 16 13 11 12 18 9 13 1 2 18 12 8 4 18 11 13 5 18 13 15 10 8 12 18 16 10 5 15 11 18 10 19 17 14 9 18 5 6 13 8 16 9 10 7 9 4 3 20 4 9 10 9 10 13 16 18 7 11 7 10 11 16 8 9 15 7 16 12 19 17 11 17 12 5 5 14 9 11 12 16 19 8 
21 13 20 2 7 20 17 13 19 21 7 13 17 15 19 19 18 13 19 6 10000 20 14 13 10 22 16 8 6 24 15 12 23 15 5 6 20 6 24 6 22 10 23 17 17 20 20 14 12 7 8 10 22 9 11 9 2 10 20 13 16 16 16 13 5 17 22 4 18 14 8 18 17 19 14 17 12 18 19 22 19 12 5 22 19 5 14 19 17 11 17 15 20 12 17 16 14 19 24 21 20 18 12 12 8 15 9 16 16 21 19 11 16 14 2 17 14 18 19 21 16 15 17 21 4 14 5 5 19 16 13 2 20 14 17 8 19 17 19 14 4 14 20 20 15 2 17 10 18 12 19 17 16 13 19 10 11 16 12 16 14 15 11 9 4 4 24 9 7 14 12 15 15 17 19 8 12 6 15 15 19 4 14 14 10 15 16 23 19 13 20 16 4 4 18 9 8 17 18 23 4 
6 19 13 18 14 6 4 9 18 7 14 7 19 16 14 9 14 16 20 15 20 10000 15 19 10 7 10 12 15 10 6 17 7 6 20 20 3 14 9 15 7 10 11 5 13 5 6 9 11 16 14 13 9 13 10 13 19 18 15 9 11 6 14 9 17 20 7 17 8 6 19 22 5 7 11 8 9 18 19 8 10 9 17 6 2 16 8 2 8 9 6 18 15 9 6 4 9 3 8 9 7 9 18 10 19 6 19 19 8 5 4 16 6 7 19 15 18 20 9 4 8 5 8 13 22 16 15 15 19 6 7 18 14 10 4 13 19 7 7 7 21 13 14 7 6 18 13 18 20 11 19 22 12 7 19 10 11 11 10 18 6 5 11 17 17 16 10 11 20 7 10 8 14 17 19 15 14 18 6 5 11 22 9 20 12 21 10 8 13 13 13 4 17 18 2 15 20 4 14 11 21 
12 5 7 12 12 12 15 7 6 11 14 10 5 2 6 8 5 2 7 12 14 15 10000 5 10 13 19 9 13 13 13 3 14 15 11 10 13 11 14 13 12 11 12 15 5 12 12 6 5 7 6 5 12 6 8 6 12 6 7 15 5 16 3 7 14 6 13 11 8 12 8 8 10 10 5 8 13 5 7 12 8 14 10 14 13 9 15 14 8 10 9 3 6 14 16 11 6 13 15 11 11 8 5 6 8 13 7 5 17 12 12 4 16 8 13 4 4 7 9 13 8 12 18 8 14 2 13 11 6 9 12 12 7 5 11 8 6 9 10 9 12 2 8 10 14 13 5 6 6 5 7 7 4 10 7 12 15 5 7 4 13 12 7 6 10 12 13 12 10 9 7 16 2 4 6 7 2 9 10 10 8 14 16 6 7 6 19 14 6 2 7 13 10 11 14 5 9 12 5 11 13 
17 1 11 11 13 16 18 11 7 16 15 13 5 5 10 13 9 4 7 13 13 19 5 10000 12 18 22 11 14 18 16 2 19 18 8 8 18 12 19 14 17 14 17 19 9 16 16 10 9 7 7 7 17 7 11 8 11 3 10 18 9 19 7 11 15 5 18 10 13 15 5 6 15 14 9 12 15 6 7 17 13 16 9 19 18 9 18 18 13 13 14 4 10 17 20 15 10 17 19 15 15 13 1 10 5 16 4 5 21 17 16 4 19 12 11 7 3 6 13 18 12 15 21 12 12 4 14 12 7 13 16 12 11 10 15 10 7 13 15 13 10 7 12 15 17 12 9 3 6 9 7 5 9 13 7 14 17 10 10 5 16 16 10 5 10 12 17 14 7 13 10 19 6 6 7 7 5 7 14 14 12 12 19 2 9 3 22 19 10 6 11 17 10 10 18 5 6 16 10 16 11 
12 13 13 8 4 11 8 4 15 12 5 4 14 11 13 11 13 10 16 5 10 10 10 12 10000 14 10 2 6 16 6 11 14 7 11 11 11 4 15 6 13 2 15 8 12 11 12 7 5 7 6 6 14 5 2 5 9 11 14 6 10 8 11 5 7 15 14 7 10 5 10 17 8 10 8 9 4 14 16 13 12 5 7 13 9 6 6 10 9 2 8 13 14 5 9 7 7 10 15 13 11 10 11 4 11 6 11 14 9 12 10 9 8 6 9 12 12 16 11 11 8 6 10 14 12 11 6 5 15 7 4 8 14 7 8 3 15 9 11 5 11 9 14 11 6 9 11 10 16 6 16 16 10 4 16 3 5 9 4 13 5 6 4 9 7 6 15 2 11 5 4 8 10 13 16 6 8 9 6 6 12 12 7 14 4 15 10 15 13 8 13 7 7 8 9 8 12 8 12 15 11 
2 18 9 21 17 3 10 10 15 3 18 10 16 14 10 5 11 15 17 18 22 7 13 18 14 10000 16 15 19 4 11 16 1 12 22 21 4 17 2 19 2 14 5 11 10 3 3 9 11 17 16 14 3 14 12 15 21 18 11 15 9 12 12 10 20 17 1 20 6 11 20 19 6 4 10 6 13 15 16 2 6 14 19 2 6 18 13 6 6 12 6 15 11 15 12 8 9 5 2 4 3 6 18 12 20 11 19 16 14 3 4 16 12 9 22 12 16 17 5 4 7 9 14 9 24 15 19 18 16 7 12 20 10 9 6 15 16 6 4 9 22 12 9 4 11 21 10 18 17 11 16 19 10 10 16 14 16 9 11 15 12 10 12 18 19 19 4 15 21 9 11 14 12 14 16 17 13 20 9 8 7 24 15 18 13 19 16 2 9 12 8 9 19 20 7 16 21 7 10 5 23 
16 23 20 15 11 15 7 12 24 16 10 10 24 20 21 17 21 20 26 12 16 10 19 22 10 16 10000 12 11 19 7 20 16 5 19 19 12 12 18 11 16 9 20 6 20 14 15 14 14 16 16 16 18 15 12 14 16 20 22 5 18 5 20 12 12 25 16 16 15 8 19 26 12 15 16 15 7 23 25 17 18 6 16 15 10 15 5 10 15 9 13 22 22 6 4 10 15 12 18 18 16 16 21 13 20 7 20 23 3 14 13 19 5 12 17 21 22 25 17 13 14 9 3 21 20 20 12 12 25 12 7 15 22 15 11 13 24 14 16 12 19 18 21 16 6 16 19 20 25 15 25 26 18 10 25 8 7 17 13 23 7 8 13 19 15 14 20 9 20 11 13 3 19 22 25 16 18 18 11 10 19 19 4 23 13 24 1 17 20 17 20 8 16 16 10 17 21 11 20 19 19 
13 11 13 6 4 12 10 5 14 13 6 6 13 10 13 12 12 9 15 5 8 12 9 11 2 15 12 10000 5 16 8 9 15 9 9 9 12 3 16 5 14 4 16 10 11 12 13 7 5 5 4 5 14 4 3 3 7 9 14 8 10 10 10 5 7 14 15 6 10 7 8 15 9 11 7 10 6 13 15 14 12 6 5 15 11 4 8 11 9 4 9 11 14 7 11 8 7 11 16 14 12 11 10 4 9 8 9 13 11 13 11 7 10 7 8 11 11 15 12 13 9 8 12 14 10 9 5 4 14 8 6 6 14 7 9 1 14 9 12 6 9 8 14 12 8 7 11 9 14 5 15 14 10 6 15 5 7 9 4 12 7 8 3 7 5 5 16 3 9 6 5 9 10 12 15 4 7 7 7 8 12 10 9 12 3 13 12 16 13 7 13 9 5 6 11 6 10 9 12 15 10 
18 15 18 5 2 17 12 9 19 18 2 9 18 15 18 16 17 13 20 1 6 15 13 14 6 19 11 5 10000 21 10 13 19 10 9 9 16 3 21 1 18 5 21 12 16 16 17 12 10 8 8 9 19 8 7 7 5 12 19 8 15 11 15 10 2 18 19 5 15 9 10 19 13 15 12 15 7 18 19 19 17 7 6 19 14 5 9 14 14 7 14 16 18 7 12 12 12 15 21 18 17 16 13 9 11 10 11 17 11 17 15 11 11 11 6 16 15 19 17 17 13 11 12 19 9 14 1 3 19 13 8 4 19 12 13 6 19 14 16 10 8 13 19 16 10 5 16 12 19 10 19 18 15 10 19 6 5 14 9 17 9 11 8 10 5 3 21 4 10 10 9 10 14 17 19 8 12 8 11 11 17 9 9 16 8 17 11 20 18 12 18 12 5 6 14 10 11 13 17 20 8 
4 18 8 22 19 5 13 12 14 4 20 12 15 14 9 6 10 15 16 20 24 10 13 18 16 4 19 16 21 10000 14 16 4 15 23 23 8 19 2 21 4 17 2 14 10 6 5 10 12 18 17 15 3 16 14 16 23 18 10 18 9 16 11 12 23 16 4 21 7 13 20 18 9 6 11 7 16 14 15 3 6 17 20 5 10 20 16 10 8 14 8 15 10 17 16 11 10 8 3 3 5 6 18 13 20 14 20 16 17 6 7 17 15 11 23 11 16 16 5 7 8 12 17 7 25 15 21 20 15 9 15 22 8 11 9 17 15 8 5 11 24 12 8 5 14 23 10 18 16 12 15 18 10 12 15 17 19 9 13 14 14 12 14 19 21 21 1 17 22 11 12 17 12 14 14 18 14 21 11 11 6 25 18 18 15 18 20 3 8 13 7 12 21 21 10 17 21 10 9 3 25 
10 17 14 13 8 9 3 6 18 10 8 4 18 14 14 11 14 14 19 10 15 6 13 16 6 11 7 8 10 14 10000 15 11 2 16 16 7 9 13 10 11 5 14 3 13 8 9 8 8 12 11 10 12 10 6 10 14 15 16 5 11 3 13 6 11 19 11 13 9 2 15 20 6 9 9 9 3 17 19 11 12 4 12 10 5 11 3 5 8 4 7 16 15 4 4 4 8 7 13 11 10 10 16 7 16 1 15 17 5 9 7 13 3 5 14 14 16 19 11 8 8 3 6 15 17 14 10 10 18 6 2 13 15 8 5 8 18 8 9 5 16 12 15 10 1 14 13 15 19 9 19 20 12 4 19 5 6 10 7 16 1 2 7 14 12 11 14 6 16 5 7 4 13 16 18 11 12 14 4 4 12 17 4 18 8 18 7 12 14 11 13 3 12 13 5 12 17 5 14 13 17 
15 3 9 11 12 14 16 9 7 14 14 11 5 3 9 11 8 2 7 12 12 17 3 2 11 16 20 9 13 16 15 10000 17 16 9 8 16 11 17 13 15 12 15 17 7 14 14 8 7 6 6 5 15 6 9 6 11 3 9 16 8 17 6 9 14 6 16 9 11 13 6 7 13 12 7 11 14 6 7 15 11 15 8 17 16 8 16 16 11 11 12 3 9 15 18 13 8 15 17 14 13 11 2 8 5 14 5 5 19 15 14 2 17 11 11 6 2 7 12 16 10 14 20 11 12 2 13 11 7 12 14 11 10 8 13 8 7 11 13 11 10 5 10 13 15 12 7 3 6 7 7 6 7 11 7 13 15 8 8 5 14 14 8 4 9 11 16 12 7 11 8 17 4 5 7 6 3 7 12 12 11 12 17 4 7 4 20 17 9 5 10 15 9 9 16 4 6 14 8 14 11 
2 19 10 21 18 3 10 11 16 3 18 10 17 15 11 6 11 15 18 19 23 7 14 19 14 1 16 15 19 4 11 17 10000 12 22 22 4 18 2 19 2 15 5 11 11 4 3 10 12 18 16 14 4 15 13 15 22 19 12 15 10 12 13 11 21 18 2 20 6 11 20 20 7 5 10 7 13 16 17 3 7 14 19 1 6 19 13 6 7 12 6 16 12 15 12 8 10 5 2 4 4 7 18 12 20 11 20 17 14 3 4 17 12 9 22 13 17 18 6 4 8 9 14 10 25 15 19 18 17 7 12 21 11 10 7 15 17 7 5 9 23 13 10 4 12 22 11 19 18 12 17 20 11 10 17 14 16 9 11 16 12 10 13 19 20 20 5 15 22 10 11 14 13 15 16 17 14 20 9 8 8 25 15 19 14 20 16 2 10 13 9 9 20 21 7 17 22 7 11 6 24 
11 18 15 14 9 10 2 8 19 12 9 6 19 16 16 12 16 15 21 10 15 6 15 18 7 12 5 9 10 15 2 16 12 10000 17 17 8 10 14 10 12 6 15 2 15 9 10 9 10 13 12 12 13 11 7 11 14 17 17 4 13 2 15 8 12 20 12 13 10 3 16 22 7 10 11 10 4 19 20 12 13 4 13 11 6 12 2 6 10 5 8 18 17 4 3 5 10 8 13 13 11 11 17 9 17 2 17 19 3 10 8 15 2 7 15 16 18 20 12 9 9 4 4 16 18 16 10 10 20 7 3 13 17 10 6 9 20 9 11 7 17 13 16 11 1 14 14 16 20 10 20 21 13 6 20 5 6 12 8 18 2 3 9 15 13 12 15 7 17 7 8 3 15 18 20 12 13 15 6 6 14 18 3 19 9 20 6 13 15 13 15 3 13 14 6 14 18 6 15 15 17 
20 9 17 5 9 19 18 12 15 20 11 14 13 11 16 17 15 10 15 8 5 20 11 8 11 22 19 9 9 23 16 9 22 17 10000 1 20 8 23 9 21 11 22 18 15 19 20 13 11 5 7 9 21 8 11 8 5 6 17 15 14 18 13 12 9 13 22 4 17 15 3 14 17 18 13 16 14 14 15 21 17 14 4 22 19 5 16 19 16 12 16 11 17 14 19 16 13 19 23 20 19 17 8 11 4 16 4 12 19 20 19 7 18 14 4 14 10 14 18 20 15 16 20 18 4 10 9 7 15 16 14 5 17 13 17 8 15 16 18 14 2 11 18 19 16 5 15 6 14 11 15 12 14 14 15 12 13 14 11 13 15 16 10 5 5 6 22 11 2 14 11 17 12 13 15 6 10 2 15 16 17 4 17 10 9 10 19 23 16 10 17 17 4 4 19 7 4 17 16 21 3 
20 9 17 5 9 19 18 12 15 20 11 14 13 11 16 17 15 9 14 9 6 20 10 8 11 21 19 9 9 23 16 8 22 17 1 10000 20 8 23 9 20 11 21 18 15 19 20 13 11 5 6 8 21 8 11 7 5 6 17 16 14 18 13 12 9 13 21 4 17 15 3 13 17 18 13 16 14 14 15 20 17 14 4 22 19 5 16 19 16 12 16 11 16 14 19 16 13 19 23 20 19 17 8 11 4 16 4 12 19 20 19 7 18 14 4 14 10 14 18 20 15 16 20 18 4 10 9 8 14 15 14 6 17 13 17 8 14 16 18 14 2 11 18 18 16 6 14 6 14 11 15 12 14 14 14 12 13 14 11 12 15 16 10 5 5 6 22 11 2 14 11 17 12 13 15 6 9 2 15 15 17 4 17 10 9 10 19 22 16 10 17 17 4 4 19 6 3 17 15 21 3 
4 18 11 18 14 3 6 8 16 5 15 7 17 14 11 7 12 14 18 15 20 3 13 18 11 4 12 12 16 8 7 16 4 8 20 20 10000 14 6 16 4 11 8 7 11 3 3 8 10 15 14 12 6 12 10 13 19 17 13 11 9 8 12 8 17 18 5 17 5 7 18 20 4 4 9 6 10 16 17 5 8 11 16 4 2 16 10 2 5 9 4 16 13 11 9 5 8 1 6 6 4 6 17 10 18 7 18 17 10 3 2 15 8 6 19 13 16 18 7 1 6 5 10 11 22 14 16 15 17 5 9 18 12 8 3 12 17 5 5 6 20 11 11 5 8 19 11 17 18 10 17 20 10 7 17 11 13 9 9 16 8 6 10 17 17 16 8 12 20 7 9 10 13 15 17 15 13 18 6 5 8 22 11 18 11 19 13 6 11 12 10 5 17 18 3 14 20 3 11 8 21 
16 13 16 5 2 15 11 7 16 16 3 8 15 12 15 14 15 11 17 2 6 14 11 12 4 17 12 3 3 19 9 11 18 10 8 8 14 10000 19 2 16 4 19 11 14 14 15 9 8 6 6 7 17 6 5 5 5 10 17 8 12 10 13 8 4 16 17 4 13 8 8 17 11 14 10 13 6 16 17 17 15 6 4 17 13 4 8 13 12 6 12 13 16 7 11 10 10 14 19 16 15 13 11 7 9 9 9 15 11 15 14 9 11 9 6 14 13 17 15 15 11 10 12 17 9 11 3 1 17 11 7 4 17 10 11 3 17 12 14 9 8 11 17 15 9 5 13 10 17 8 17 16 13 8 17 5 6 12 7 14 8 10 6 8 4 3 19 3 9 9 7 10 12 14 17 5 9 7 9 10 15 9 9 14 5 14 12 18 15 10 16 11 4 5 13 8 10 11 15 18 8 
3 19 9 22 19 5 12 12 15 4 20 12 16 15 10 6 11 15 17 20 24 9 14 19 15 2 18 16 21 2 13 17 2 14 23 23 6 19 10000 20 3 16 4 12 11 5 4 11 13 19 17 15 3 16 14 16 23 19 11 17 10 14 12 12 22 18 2 21 7 12 21 19 8 6 11 7 15 15 16 3 7 16 20 3 8 20 15 8 8 14 7 16 11 16 14 10 11 7 1 4 5 7 18 13 21 12 20 17 16 4 6 17 13 10 23 13 17 17 6 5 8 11 16 9 26 16 21 19 16 9 14 22 10 11 8 17 16 7 5 11 24 13 9 5 13 23 11 19 17 13 16 20 10 12 16 16 18 10 12 16 13 11 14 19 21 21 3 17 23 11 12 16 13 15 16 18 15 21 10 10 7 26 16 19 15 19 18 1 10 13 9 11 21 22 9 17 22 9 10 4 25 
17 14 18 5 2 16 12 9 18 17 2 9 17 14 17 16 17 13 19 1 6 15 13 14 6 19 11 5 1 21 10 13 19 10 9 9 16 2 20 10000 18 5 20 12 16 16 17 11 10 7 8 9 19 8 7 7 5 11 19 8 14 11 15 10 2 18 19 5 15 9 10 19 13 15 12 14 7 17 19 18 17 7 5 18 14 5 9 14 14 7 13 15 18 7 12 12 11 15 20 18 17 15 13 9 10 10 11 17 11 17 15 11 11 11 6 16 15 19 16 16 13 11 12 19 9 13 1 2 18 12 8 4 19 11 13 5 18 14 16 10 8 12 18 16 10 5 15 11 18 10 19 18 14 9 19 6 5 14 9 16 9 11 8 10 5 3 20 4 10 10 9 10 14 16 19 7 11 8 11 11 17 9 9 15 7 16 11 20 17 11 17 12 5 6 14 9 11 13 17 20 8 
1 17 8 20 16 2 10 10 14 1 17 9 15 13 9 4 10 13 16 18 22 7 12 17 13 2 16 14 18 4 11 15 2 12 21 20 4 16 3 18 10000 14 4 11 9 3 2 8 10 16 15 13 2 13 12 14 20 17 10 15 8 12 11 9 20 16 2 19 4 10 18 18 6 3 9 5 13 14 15 1 5 14 18 3 6 17 13 6 5 11 5 14 10 14 12 8 8 5 3 3 2 5 16 11 19 10 18 15 14 2 4 15 12 8 21 11 15 16 4 4 6 8 14 8 23 14 18 17 15 6 12 20 9 8 6 14 15 5 3 8 21 11 8 3 11 21 9 17 16 10 15 18 9 9 15 14 16 7 10 14 11 9 11 17 18 18 4 14 20 8 10 14 11 13 15 16 12 19 8 8 6 23 14 17 12 18 16 2 8 11 7 9 18 19 7 15 20 6 9 4 22 
13 14 14 8 4 12 7 6 16 13 4 5 16 13 14 12 14 11 18 5 10 10 11 14 2 14 9 4 5 17 5 12 15 6 11 11 11 4 16 5 14 10000 16 7 13 11 12 8 7 8 7 8 15 7 4 6 9 12 16 5 11 7 12 6 7 17 14 8 11 5 11 18 8 11 9 10 3 16 17 14 13 3 8 14 9 7 5 10 10 3 9 14 15 4 8 7 8 10 16 14 12 11 13 6 12 5 12 15 8 12 11 10 7 7 10 14 14 17 12 12 9 6 9 15 12 12 5 5 17 8 4 8 16 8 8 4 17 9 12 6 11 10 15 12 5 9 13 12 17 7 18 17 12 5 17 1 4 10 5 15 5 6 5 10 7 6 16 1 12 6 6 6 12 15 17 7 10 10 6 7 13 12 6 15 5 16 9 15 14 9 14 7 8 9 9 9 13 8 14 16 12 
5 16 6 21 19 6 14 12 12 4 20 12 14 12 7 5 8 13 14 20 23 11 12 17 15 5 20 16 21 2 14 15 5 15 22 21 8 19 4 20 4 16 10000 14 8 6 5 10 12 17 16 14 3 15 14 15 22 17 8 18 8 16 10 11 22 15 4 20 6 13 19 16 9 6 10 6 16 12 13 3 5 17 19 6 10 19 16 10 7 14 8 14 8 17 16 11 10 8 5 3 5 6 16 12 19 14 19 14 17 6 7 15 15 10 23 10 15 14 4 7 8 12 18 6 25 13 21 19 13 9 15 21 7 10 9 16 13 7 5 11 23 11 6 5 15 22 8 17 14 11 13 17 8 12 13 16 19 8 12 13 14 13 13 18 20 20 1 17 21 11 12 17 11 12 13 17 13 20 11 11 5 24 18 16 14 17 20 4 7 12 6 12 20 21 11 16 20 10 8 1 24 
10 19 15 15 11 9 1 8 19 11 10 6 19 16 16 11 16 16 21 12 17 5 15 19 8 11 6 10 12 14 3 17 11 2 18 18 7 11 12 12 11 7 14 10000 15 8 9 10 10 14 13 12 12 12 8 12 16 17 17 5 13 2 15 8 13 21 11 15 10 4 17 22 6 9 11 10 5 19 20 11 13 6 14 10 5 14 4 5 9 6 8 18 17 5 2 4 10 6 12 12 10 11 18 10 18 3 18 19 4 9 7 16 1 7 17 16 18 21 12 8 9 4 4 16 19 16 12 12 20 7 4 15 16 10 6 11 20 9 10 7 18 13 16 10 3 16 14 17 21 11 20 22 13 6 20 7 7 12 9 18 3 3 10 16 14 13 14 8 19 7 9 4 15 18 20 14 14 16 6 5 13 19 5 20 10 21 6 12 15 13 15 2 15 15 4 14 19 5 15 14 19 
9 9 3 16 14 9 14 8 5 8 16 10 6 5 2 5 2 6 8 15 17 13 5 9 12 10 20 11 16 10 13 7 11 15 15 15 11 14 11 16 9 13 8 15 10000 9 9 6 7 11 10 8 8 9 10 10 16 10 3 16 2 16 2 8 17 8 10 14 6 12 12 9 9 7 5 5 14 5 7 8 4 15 13 11 12 13 15 12 6 11 8 6 3 15 16 11 6 11 11 7 8 5 9 8 12 13 11 7 17 10 9 8 15 8 16 2 7 7 5 11 6 11 18 4 18 6 16 14 6 8 13 16 3 5 10 11 6 7 7 8 16 4 3 7 14 17 1 10 7 6 7 10 2 10 7 14 16 3 8 6 13 12 8 10 14 15 9 13 14 9 8 17 3 5 6 10 6 13 9 10 4 18 17 9 9 9 20 10 2 5 3 13 14 14 12 9 13 11 1 7 17 
2 16 9 18 14 1 8 8 14 3 15 7 15 12 9 5 10 13 16 15 20 5 12 16 11 3 14 12 16 6 8 14 4 9 19 19 3 14 5 16 3 11 6 8 9 10000 2 7 9 15 13 11 4 12 10 12 18 16 11 12 8 10 10 7 18 16 3 17 4 8 17 18 3 2 8 4 10 14 15 4 6 11 16 3 4 15 11 4 4 9 3 14 11 12 10 5 7 3 5 4 2 4 16 9 17 8 17 15 12 1 1 14 9 6 19 11 15 16 4 2 5 6 12 9 21 13 16 15 15 4 9 18 10 7 4 12 15 3 3 6 20 10 9 3 9 19 9 16 16 9 15 18 8 7 15 11 13 7 8 14 9 7 10 16 16 16 6 12 19 6 8 12 11 13 15 14 11 17 6 5 6 21 12 17 11 17 14 5 9 10 8 7 17 17 5 13 19 4 9 6 21 
1 17 8 19 15 1 9 8 14 2 16 8 15 13 9 4 10 13 16 16 20 6 12 16 12 3 15 13 17 5 9 14 3 10 20 20 3 15 4 17 2 12 5 9 9 2 10000 7 9 15 14 12 3 12 10 13 19 16 10 13 8 11 10 8 18 16 3 18 4 9 18 18 4 3 8 4 11 14 15 3 5 12 17 3 5 16 12 5 4 10 4 14 10 13 11 6 7 3 4 3 2 4 16 10 18 9 17 15 13 1 2 14 10 7 20 11 15 16 4 3 5 7 13 8 22 13 17 16 15 5 10 18 9 8 5 13 15 4 2 7 20 10 9 2 10 19 9 16 16 9 15 18 8 8 15 12 14 7 9 14 10 8 10 16 17 17 5 13 19 7 9 13 11 13 15 15 12 18 7 6 6 22 13 17 11 17 15 4 9 11 8 8 17 18 6 14 19 5 9 5 21 
8 11 7 12 10 7 9 3 10 7 11 4 10 7 7 5 7 7 12 11 14 9 6 10 7 9 14 7 12 10 8 8 10 9 13 13 8 9 11 11 8 8 10 10 6 7 7 10000 3 9 7 5 9 6 5 6 13 10 9 11 4 10 6 3 13 12 9 11 4 7 11 13 5 5 2 4 8 10 11 8 6 9 10 9 8 10 10 8 4 6 4 9 8 10 11 6 1 7 11 7 7 5 10 3 11 8 11 10 12 8 6 8 10 3 13 7 9 12 6 8 3 6 13 8 16 7 11 10 11 4 8 12 8 1 5 7 11 4 6 3 14 4 8 6 9 13 6 10 12 3 11 13 4 4 11 8 11 3 3 9 8 7 4 9 11 11 10 8 13 3 3 11 6 9 11 8 5 11 4 5 6 15 11 11 5 12 14 10 7 4 7 8 11 12 8 7 12 6 7 9 15 
10 9 8 10 8 9 10 2 10 9 10 5 10 7 8 7 8 6 12 9 12 11 5 9 5 11 14 5 10 12 8 7 12 10 11 11 10 8 13 10 10 7 12 10 7 9 9 3 10000 7 5 3 11 4 4 4 11 8 10 11 5 11 6 3 11 11 11 9 6 7 9 12 7 7 3 6 8 10 11 10 8 9 8 12 9 8 10 10 6 5 6 8 9 10 12 7 3 9 13 10 9 7 8 2 9 8 9 10 13 10 8 6 11 4 11 7 8 11 8 10 5 7 13 9 14 6 10 8 11 5 8 10 9 2 7 5 11 6 8 4 12 4 9 8 9 11 6 8 11 1 11 12 5 5 11 7 10 5 2 9 8 8 2 7 9 9 12 7 11 4 2 11 6 8 11 6 4 9 5 6 8 13 11 10 3 11 14 12 8 3 8 9 9 9 10 5 10 8 8 11 13 
16 8 13 5 7 15 14 8 12 15 9 9 11 8 13 13 12 6 13 7 7 16 7 7 7 17 16 5 8 18 12 6 18 13 5 5 15 6 19 7 16 8 17 14 11 15 15 9 7 10000 2 4 17 3 6 3 6 5 13 12 10 14 9 8 8 11 17 4 12 11 4 12 12 13 8 12 10 11 13 16 13 11 3 17 15 3 12 15 12 8 12 9 13 11 15 12 9 15 19 15 15 12 6 6 4 12 4 10 15 16 14 4 15 10 6 10 8 12 13 16 11 12 16 14 8 7 7 5 12 11 11 6 14 8 13 4 12 12 14 9 6 7 14 14 12 6 11 5 12 7 13 11 10 9 12 9 11 10 7 10 12 12 6 3 4 5 18 8 5 9 7 14 8 10 12 1 6 3 10 11 13 8 13 9 5 9 17 18 13 6 13 13 4 4 15 3 5 13 12 17 7 
14 8 12 7 7 13 13 6 11 14 9 8 10 7 11 11 10 6 12 7 8 14 6 7 6 16 16 4 8 17 11 6 16 12 7 6 14 6 17 8 15 7 16 13 10 13 14 7 5 2 10000 3 15 2 5 2 7 5 12 12 9 13 8 7 9 11 16 5 11 10 5 12 11 12 7 10 9 10 12 15 12 10 4 16 13 4 12 13 10 7 10 8 12 11 14 11 7 13 17 14 13 11 6 5 5 11 5 9 14 14 13 4 13 8 7 9 7 11 12 14 9 10 15 13 9 6 8 6 11 10 10 7 12 7 11 4 11 10 12 8 7 6 12 13 11 8 9 5 11 5 12 11 8 8 12 8 10 8 6 9 10 11 4 4 5 6 16 7 6 8 5 13 7 9 12 1 5 5 9 10 12 9 13 9 3 9 16 16 11 5 12 12 5 5 13 2 6 11 10 15 8 
13 7 10 8 8 11 12 5 10 12 10 7 9 6 9 9 8 4 11 8 10 13 5 7 6 14 16 5 9 15 10 5 14 12 9 8 12 7 15 9 13 8 14 12 8 11 12 5 3 4 3 10000 13 2 5 3 9 6 10 12 7 13 6 5 11 10 14 7 9 9 6 11 9 10 5 8 9 9 11 13 9 10 6 14 12 6 11 12 8 7 9 7 10 11 14 9 5 12 15 12 11 9 6 3 7 10 6 8 14 12 11 4 13 7 9 7 7 10 10 13 7 9 15 11 11 5 9 7 10 8 9 9 10 5 10 4 10 8 10 7 9 4 10 11 11 10 7 6 10 3 11 10 6 7 11 8 11 6 4 8 10 10 3 5 7 8 14 8 8 7 4 13 5 8 10 4 3 7 8 8 10 11 13 8 3 9 16 15 9 3 10 11 7 7 12 3 8 10 8 13 11 
3 17 7 20 17 4 12 10 13 2 18 10 14 12 8 4 9 13 15 18 22 9 12 17 14 3 18 14 19 3 12 15 4 13 21 21 6 17 3 19 2 15 3 12 8 4 3 9 11 17 15 13 10000 14 12 14 21 17 9 16 8 14 10 10 21 15 3 19 5 11 19 17 7 4 9 5 14 13 14 1 5 15 18 4 8 18 14 8 6 12 6 14 9 15 14 9 8 6 3 2 3 5 16 11 19 12 18 14 15 4 5 15 13 9 21 10 15 15 4 5 6 10 16 7 24 13 19 18 14 7 13 20 8 9 7 15 14 6 3 9 22 10 7 3 13 21 8 17 15 10 14 17 8 10 14 15 17 7 11 13 12 11 12 17 19 19 2 15 20 9 10 15 11 13 14 16 12 19 9 9 5 23 16 17 13 17 18 3 8 11 6 10 19 20 8 15 20 8 8 3 23 
13 8 11 7 7 12 12 5 11 13 9 7 10 7 10 10 10 6 12 7 9 13 6 7 5 14 15 4 8 16 10 6 15 11 8 8 12 6 16 8 13 7 15 12 9 12 12 6 4 3 2 2 14 10000 4 1 8 6 11 11 8 12 7 5 9 11 14 6 9 8 6 12 9 10 6 9 8 10 12 13 10 9 5 15 12 5 11 12 9 6 9 8 11 10 13 9 6 12 16 13 12 10 7 3 7 10 6 10 14 13 11 4 12 7 8 9 8 11 11 13 8 9 14 12 10 6 8 6 11 8 9 8 12 5 10 3 11 9 11 7 9 5 12 11 10 8 8 6 11 4 12 11 8 7 12 7 10 7 4 9 9 10 3 5 6 7 15 7 8 7 4 12 7 9 11 3 4 6 8 8 11 10 12 9 2 10 15 15 10 4 11 11 6 6 12 3 8 10 10 14 10 
11 12 11 9 6 10 8 3 13 11 7 4 13 10 11 10 11 9 15 7 11 10 8 11 2 12 12 3 7 14 6 9 13 7 11 11 10 5 14 7 12 4 14 8 10 10 10 5 4 6 5 5 12 4 10000 4 9 10 13 8 8 8 9 3 9 14 12 8 8 5 9 15 7 9 6 8 5 13 14 12 10 6 7 12 9 6 7 9 7 3 7 11 12 7 9 6 5 9 14 11 10 9 10 3 10 6 10 12 10 11 9 8 9 4 10 10 11 14 10 11 7 6 11 12 12 9 7 6 14 6 5 9 12 5 7 3 14 7 9 4 11 7 12 10 7 9 9 9 14 4 14 15 8 4 14 4 7 7 2 12 6 6 2 8 7 7 14 4 11 4 3 9 9 11 14 6 7 9 5 5 10 12 8 12 2 13 12 14 11 6 11 7 8 8 9 7 11 7 11 13 12 
13 9 11 7 6 12 11 5 12 13 8 7 11 8 11 11 10 6 13 6 9 13 6 8 5 15 14 3 7 16 10 6 15 11 8 7 13 5 16 7 14 6 15 12 10 12 13 6 4 3 2 3 14 1 4 10000 7 6 12 11 8 12 8 5 8 12 15 5 10 8 6 13 10 11 6 9 8 11 13 14 11 9 5 15 12 4 10 12 9 6 9 9 12 9 13 9 6 12 16 13 12 10 7 4 7 9 6 10 13 13 12 5 12 7 8 9 8 12 11 13 8 9 14 13 10 7 7 5 12 9 8 7 12 6 10 2 12 9 11 7 8 6 12 12 10 8 9 6 12 4 13 12 8 7 12 7 9 8 4 10 9 10 3 5 5 6 16 6 8 7 4 12 7 10 12 2 5 6 8 9 11 10 11 10 2 10 15 16 11 5 11 11 5 6 12 3 8 10 10 14 9 
20 12 18 1 6 19 16 11 17 20 7 12 16 13 18 18 17 12 18 5 2 19 12 11 9 21 16 7 5 23 14 11 22 14 5 5 19 5 23 5 20 9 22 16 16 18 19 13 11 6 7 9 21 8 9 7 10000 9 19 12 15 15 15 12 5 16 21 2 17 13 7 17 16 17 13 16 11 16 18 21 18 11 3 21 17 4 13 18 16 10 16 14 18 11 16 15 13 18 23 20 19 17 11 10 7 14 8 15 16 19 18 9 16 13 1 16 13 17 18 19 15 14 17 19 4 12 5 5 17 15 12 2 19 13 16 7 17 16 18 13 4 13 19 18 14 1 16 9 17 11 18 16 15 12 18 10 10 15 11 15 13 14 9 7 3 3 22 8 6 13 11 14 14 15 18 6 11 5 14 14 18 4 14 13 9 14 16 22 18 12 18 16 3 2 17 8 7 16 17 21 4 
17 4 12 9 11 16 17 10 9 16 13 12 7 6 11 13 10 4 9 11 10 18 6 3 11 18 20 9 12 18 15 3 19 17 6 6 17 10 19 11 17 12 17 17 10 16 16 10 8 5 5 6 17 6 10 6 9 10000 11 16 10 17 8 10 12 7 18 8 13 14 3 8 14 14 9 12 14 8 9 17 13 15 7 19 17 7 16 17 13 12 13 6 11 15 19 15 10 17 19 16 15 13 2 9 3 15 2 7 19 17 16 2 18 12 9 9 4 8 14 18 12 14 20 13 10 5 12 10 9 13 14 9 12 9 15 8 9 13 15 12 8 7 13 15 16 10 10 1 8 8 10 7 9 12 9 13 15 10 9 7 15 15 8 2 8 9 18 12 5 12 9 18 7 7 9 5 5 5 13 14 13 10 17 5 8 5 20 19 11 6 12 16 7 7 17 3 4 15 11 16 9 
11 10 3 18 17 10 17 11 4 9 19 13 6 6 2 7 2 8 7 18 20 15 7 10 14 11 22 14 19 10 16 9 12 17 17 17 13 17 11 19 10 16 8 17 3 11 10 9 10 13 12 10 9 11 13 12 19 11 10000 19 5 18 4 11 20 7 11 17 8 15 14 9 11 9 7 8 16 5 5 9 6 18 16 12 14 15 18 14 8 14 10 7 1 18 19 13 8 13 12 8 9 7 10 11 14 15 13 7 20 11 11 10 18 11 19 3 8 7 7 13 9 14 21 3 20 7 19 17 5 10 16 18 2 8 12 14 5 9 9 11 18 7 3 9 17 19 4 12 7 9 5 10 5 13 6 16 19 6 11 6 16 15 11 12 16 18 9 16 16 11 10 19 6 5 5 13 8 15 12 12 5 20 19 10 12 10 22 11 2 8 3 15 16 17 15 11 15 13 3 7 19 
14 19 17 12 7 13 6 9 20 14 6 7 20 17 18 14 17 16 22 8 13 9 15 18 6 15 5 8 8 18 5 16 15 4 15 16 11 8 17 8 15 5 18 5 16 12 13 11 11 12 12 12 16 11 8 11 12 16 19 10000 14 4 16 9 9 21 15 12 13 5 15 22 10 13 12 13 3 20 21 15 15 2 12 14 9 11 2 9 12 6 11 18 19 2 5 8 11 11 17 15 14 14 17 10 16 5 16 20 4 13 11 15 5 9 13 17 18 21 15 12 12 7 5 18 16 16 8 9 21 10 4 11 19 11 9 9 21 11 13 9 15 14 18 14 4 12 16 16 21 11 21 22 15 7 21 4 3 14 9 19 4 6 9 15 11 10 18 5 16 8 9 2 16 19 21 12 14 14 8 8 16 16 2 20 9 20 5 16 17 13 17 6 12 12 9 13 17 9 17 17 15 
8 10 4 15 13 7 12 6 7 7 15 8 8 6 4 4 4 6 9 14 16 11 5 9 10 9 18 10 15 9 11 8 10 13 14 14 9 12 10 14 8 11 8 13 2 8 8 4 5 10 9 7 8 8 8 8 15 10 5 14 10000 14 3 6 16 9 9 13 4 10 12 11 7 6 3 4 12 7 8 8 4 13 12 10 10 12 13 10 4 9 6 7 5 13 14 9 4 9 10 6 6 4 9 6 12 11 11 8 16 8 8 8 14 6 16 4 8 9 4 9 4 9 16 5 17 6 15 13 8 6 11 15 5 4 8 10 8 5 6 7 15 3 5 6 12 16 2 10 9 5 8 11 1 8 9 12 14 1 6 7 11 10 7 10 13 14 9 12 14 7 6 15 4 6 8 10 5 13 8 8 4 17 15 10 8 10 18 10 3 4 4 11 13 14 10 8 13 9 3 7 17 
12 19 16 14 10 11 3 9 20 12 9 7 20 17 17 13 17 16 22 11 16 6 16 19 8 12 5 10 11 16 3 17 12 2 18 18 8 10 14 11 12 7 16 2 16 10 11 10 11 14 13 13 14 12 8 12 15 17 18 4 14 10000 16 9 12 21 13 14 11 4 17 23 8 11 12 11 5 20 21 13 14 4 14 12 7 13 2 7 11 6 9 19 18 4 2 6 11 8 14 13 12 12 18 10 18 3 18 20 2 10 9 16 1 8 16 17 19 21 13 9 10 5 3 17 19 17 11 11 21 8 4 14 18 11 7 10 21 10 11 8 18 14 17 12 2 15 15 17 21 11 21 22 14 7 21 6 6 13 9 19 3 4 10 16 14 13 16 7 18 8 9 2 16 19 21 13 14 16 7 6 14 18 3 20 10 21 5 14 16 14 16 4 14 15 6 14 19 6 16 15 18 
11 7 4 14 13 10 14 8 5 10 15 10 5 3 4 7 3 4 7 14 16 14 3 7 11 12 20 10 15 11 13 6 13 15 13 13 12 13 12 15 11 12 10 15 2 10 10 6 6 9 8 6 10 7 9 8 15 8 4 16 3 16 10000 8 16 6 12 13 7 12 10 8 10 8 4 7 13 4 6 10 6 15 12 13 13 11 15 13 7 11 8 4 4 15 17 11 6 12 13 9 9 7 7 7 10 13 10 5 18 11 11 6 16 8 15 2 5 6 7 12 7 12 18 6 16 4 15 13 6 9 13 14 5 5 10 10 5 8 8 9 14 3 5 9 14 15 2 8 6 6 6 8 3 10 6 13 16 4 8 4 13 12 8 9 12 14 11 13 12 9 7 17 2 3 6 9 4 11 10 10 6 16 17 7 8 8 20 12 4 4 5 13 12 13 13 7 11 11 3 9 16 
9 12 9 11 8 8 8 1 12 8 9 3 12 9 9 7 9 8 14 9 13 9 7 11 5 10 12 5 10 12 6 9 11 8 12 12 8 8 12 10 9 6 11 8 8 7 8 3 3 8 7 5 10 5 3 5 12 10 11 9 6 9 8 10000 11 13 10 10 6 5 11 15 5 6 4 5 6 12 13 9 8 7 9 10 7 9 8 8 5 4 5 10 10 8 10 5 3 7 12 9 8 6 10 2 11 6 11 12 10 8 7 8 9 2 12 9 11 13 7 8 4 5 11 10 15 9 10 8 13 4 6 11 10 3 5 5 13 5 7 2 13 6 10 7 7 12 8 10 13 3 13 14 7 3 13 6 9 5 2 11 6 5 3 9 10 10 11 6 12 2 2 9 8 10 13 7 6 11 3 4 8 15 9 12 4 13 12 11 9 6 9 7 10 11 7 7 12 5 9 11 14 
19 15 19 5 4 18 13 11 20 19 4 11 19 16 19 18 18 14 20 3 5 17 14 15 7 20 12 7 2 23 11 14 21 12 9 9 17 4 22 2 20 7 22 13 17 18 18 13 11 8 9 11 21 9 9 8 5 12 20 9 16 12 16 11 10000 19 20 6 16 11 10 20 15 17 14 16 9 19 20 20 18 8 6 20 16 6 10 16 16 9 15 17 20 8 13 13 13 17 22 20 18 17 14 10 11 11 11 18 12 18 17 12 13 12 5 17 16 20 18 18 15 13 13 20 8 15 2 4 20 14 10 4 20 13 15 7 20 15 18 12 8 14 20 18 11 4 17 12 20 12 20 19 16 11 20 7 7 15 11 18 11 12 10 11 5 3 22 6 10 12 11 11 15 18 20 8 13 8 12 13 19 8 10 17 9 17 12 22 19 13 19 13 6 6 16 11 11 14 18 21 8 
16 5 9 16 17 16 20 13 4 15 19 15 2 5 8 12 7 6 2 17 17 20 6 5 15 17 25 14 18 16 19 6 18 20 13 13 18 16 18 18 16 17 15 21 8 16 16 12 11 11 11 10 15 11 14 12 16 7 7 21 9 21 6 13 19 10000 17 14 13 17 10 2 16 14 10 12 18 3 3 16 12 19 13 18 19 14 20 19 13 16 14 3 7 20 22 17 11 18 18 14 15 12 6 12 10 18 9 2 23 17 17 8 21 14 16 6 4 2 13 18 13 17 24 10 16 5 18 16 3 14 18 16 9 11 16 13 3 14 14 14 15 8 9 14 19 17 8 8 1 11 3 3 8 15 3 18 20 10 13 3 19 18 12 9 14 16 16 17 12 14 12 22 6 3 3 11 8 12 15 16 11 16 22 4 12 3 25 18 8 8 10 19 14 14 19 9 10 17 8 14 16 
2 18 9 21 17 3 10 10 15 2 18 10 16 14 10 5 10 14 17 18 22 7 13 18 14 1 16 15 19 4 11 16 2 12 22 21 5 17 2 19 2 14 4 11 10 3 3 9 11 17 16 14 3 14 12 15 21 18 11 15 9 13 12 10 20 17 10000 20 5 11 19 19 6 4 10 6 13 15 16 2 6 14 19 2 7 18 13 7 6 12 6 15 11 15 13 8 9 5 2 3 3 6 17 12 20 11 19 16 14 3 4 16 12 9 22 12 16 17 5 4 7 9 14 9 24 15 19 18 16 7 12 20 10 9 7 15 16 6 4 9 22 12 9 4 12 21 10 18 17 11 16 19 10 10 16 14 16 8 11 15 12 10 12 18 19 19 4 15 21 9 11 14 12 14 15 16 13 20 9 8 7 24 15 18 13 19 17 2 9 12 8 9 19 20 7 16 21 7 10 5 23 
18 11 16 2 5 17 15 10 15 18 7 11 14 11 16 16 15 10 16 5 4 17 11 10 7 20 16 6 5 21 13 9 20 13 4 4 17 4 21 5 19 8 20 15 14 17 18 11 9 4 5 7 19 6 8 5 2 8 17 12 13 14 13 10 6 14 20 10000 15 12 5 15 14 16 11 14 10 15 16 19 16 10 2 20 16 2 12 16 14 9 14 12 16 11 15 13 11 17 21 18 17 15 9 9 6 13 6 13 15 18 16 7 15 12 3 14 11 15 16 18 13 13 16 17 5 10 5 4 15 13 11 2 17 11 14 5 15 14 16 11 4 11 17 17 13 3 14 7 15 9 16 14 13 11 16 9 10 13 9 13 12 13 8 6 1 3 21 7 5 11 9 14 12 13 16 4 9 3 12 13 16 5 13 12 7 12 16 21 16 10 16 14 1 1 16 6 6 15 15 19 5 
4 13 6 16 13 4 9 6 11 4 14 6 12 9 6 2 7 10 13 14 18 8 8 13 10 6 15 10 15 7 9 11 6 10 17 17 5 13 7 15 4 11 6 10 6 4 4 4 6 12 11 9 5 9 8 10 17 13 8 13 4 11 7 6 16 13 5 15 10000 8 15 15 4 2 5 1 10 11 12 4 3 12 14 6 6 13 11 7 1 9 2 11 8 12 12 6 4 5 7 4 3 2 13 7 15 9 14 12 13 5 4 11 11 5 17 8 12 13 2 6 2 7 14 6 19 10 15 14 12 3 10 16 7 5 5 10 12 2 2 5 18 7 6 2 10 17 6 13 13 6 12 15 5 6 12 11 13 4 6 11 9 8 8 13 14 15 6 11 16 5 6 13 8 10 12 12 8 15 5 5 4 19 13 14 9 14 15 6 6 7 5 8 15 15 7 11 16 5 6 5 19 
10 16 13 12 8 8 4 5 16 10 8 3 16 13 13 10 13 12 18 9 14 6 12 15 5 11 8 7 9 13 2 13 11 3 15 15 7 8 12 9 10 5 13 4 12 8 9 7 7 11 10 9 11 8 5 8 13 14 15 5 10 4 12 5 11 17 11 12 8 10000 14 19 5 8 8 8 3 16 17 11 11 4 11 10 5 10 4 6 7 3 6 15 14 4 5 3 7 7 12 11 9 9 14 6 14 2 14 16 6 9 7 12 4 4 14 13 15 18 10 8 7 2 7 14 16 13 9 9 17 5 2 12 14 7 5 7 17 7 9 4 15 10 14 9 2 13 12 14 18 7 17 18 11 3 17 4 6 9 5 15 2 2 6 13 11 10 13 5 15 4 6 5 12 15 17 10 11 13 3 3 11 16 5 16 7 17 8 12 13 10 12 3 11 12 5 11 15 4 13 13 16 
18 6 14 6 9 17 17 10 12 18 11 12 10 8 14 15 13 7 12 9 8 19 8 5 10 20 19 8 10 20 15 6 20 16 3 3 18 8 21 10 18 11 19 17 12 17 18 11 9 4 5 6 19 6 9 6 7 3 14 15 12 17 10 11 10 10 19 5 15 14 10000 11 15 16 10 14 13 11 12 18 15 14 5 20 17 5 15 18 14 11 15 8 14 14 18 15 11 17 21 17 17 14 5 9 1 15 2 9 18 18 17 4 18 12 6 11 7 11 15 19 13 15 19 15 7 7 10 8 12 14 14 7 15 11 15 7 12 14 16 12 5 9 15 16 15 7 12 3 11 9 12 10 11 12 12 12 14 12 10 10 15 15 8 2 5 7 20 11 2 12 10 17 9 10 12 4 7 2 13 14 15 7 16 7 8 8 19 20 14 8 14 16 5 5 18 4 2 16 13 18 6 
18 5 10 17 18 17 22 14 5 17 20 17 3 6 10 14 9 7 3 18 18 22 8 6 17 19 26 15 19 18 20 7 20 22 14 13 20 17 19 19 18 18 16 22 9 18 18 13 12 12 12 11 17 12 15 13 17 8 9 22 11 23 8 15 20 2 19 15 15 19 11 10000 17 16 12 14 20 4 4 17 13 21 14 20 20 15 22 20 15 17 16 5 9 21 24 18 13 19 20 16 16 14 7 13 10 20 10 3 24 18 18 9 23 16 17 7 5 2 14 20 14 19 25 11 17 7 19 17 4 16 20 17 10 12 18 15 4 15 16 16 15 9 11 16 21 18 9 8 2 12 4 2 10 17 3 19 21 11 14 4 20 20 14 10 15 17 17 18 12 16 14 23 8 5 4 12 9 13 17 17 12 17 23 4 13 4 26 19 10 10 11 20 15 15 21 10 11 19 9 15 16 
5 15 9 15 11 4 6 5 14 5 12 4 14 11 10 6 10 11 16 13 17 5 10 15 8 6 12 9 13 9 6 13 7 7 17 17 4 11 8 13 6 8 9 6 9 3 4 5 7 12 11 9 7 9 7 10 16 14 11 10 7 8 10 5 15 16 6 14 4 5 15 17 10000 4 6 4 7 14 15 6 7 9 13 6 3 13 8 4 3 6 2 13 11 9 8 3 5 3 8 6 5 5 14 6 15 5 15 14 10 4 3 12 7 3 16 11 14 16 6 4 3 3 10 10 19 12 13 12 15 2 7 15 11 5 1 9 15 3 4 3 17 9 10 5 6 16 9 14 16 7 15 17 8 4 15 8 11 6 6 13 6 4 7 13 14 14 9 9 17 3 6 9 10 13 15 11 10 15 3 2 7 19 9 16 8 16 12 7 9 9 9 4 14 15 4 11 16 2 9 8 18 
3 14 7 17 14 2 9 7 12 3 15 7 13 11 8 3 8 11 14 15 19 7 10 14 10 4 15 11 15 6 9 12 5 10 18 18 4 14 6 15 3 11 6 9 7 2 3 5 7 13 12 10 4 10 9 11 17 14 9 13 6 11 8 6 17 14 4 16 2 8 16 16 4 10000 6 2 10 12 13 4 4 12 15 5 6 14 11 6 2 9 2 12 9 12 11 6 5 4 6 3 2 3 14 8 16 8 15 13 13 3 3 12 10 5 18 9 13 14 3 4 3 6 13 7 20 11 15 14 13 3 9 17 8 6 4 11 13 2 1 5 18 8 7 2 9 18 7 14 14 7 13 16 6 6 13 11 13 5 7 12 9 7 8 14 15 15 6 12 17 6 7 12 9 11 13 13 10 16 5 5 5 20 12 15 9 15 15 5 7 8 6 7 15 16 6 12 17 5 7 5 19 
9 9 6 12 11 8 11 4 9 8 12 6 9 6 6 5 6 6 11 12 14 11 5 9 8 10 16 7 12 11 9 7 10 11 13 13 9 10 11 12 9 9 10 11 5 8 8 2 3 8 7 5 9 6 6 6 13 9 7 12 3 12 4 4 14 10 10 11 5 8 10 12 6 6 10000 4 9 8 10 8 5 11 10 10 9 10 11 9 4 7 5 8 7 11 13 7 2 8 11 8 7 5 9 4 11 9 10 9 14 8 8 7 12 4 14 6 8 10 6 9 4 8 14 7 15 6 12 11 9 5 9 13 7 1 7 7 9 5 6 5 14 3 7 7 10 13 4 9 10 2 10 12 3 6 10 9 12 2 4 8 9 8 5 9 11 12 10 9 12 5 4 13 4 7 9 8 4 11 6 6 6 15 13 10 5 11 16 10 6 3 6 9 11 12 9 7 12 8 5 9 15 
5 13 6 15 13 4 10 6 10 4 14 6 11 9 6 2 6 9 13 14 17 8 8 12 9 6 15 10 15 7 9 11 7 10 16 16 6 13 7 14 5 10 6 10 5 4 4 4 6 12 10 8 5 9 8 9 16 12 8 13 4 11 7 5 16 12 6 14 1 8 14 14 4 2 4 10000 10 10 12 5 3 11 13 7 7 13 11 7 1 8 3 10 7 12 12 6 4 6 8 4 4 2 12 6 14 9 14 11 13 5 5 11 11 4 17 7 11 12 3 6 2 7 14 6 19 9 15 13 11 3 9 15 7 4 5 10 11 2 3 5 17 6 6 3 10 16 5 12 12 6 12 14 4 6 12 11 13 3 6 10 9 8 7 12 14 14 7 11 16 5 6 13 7 10 11 11 8 14 5 5 4 19 13 13 8 14 16 7 6 7 5 8 14 15 7 10 15 6 6 6 18 
12 16 15 10 6 11 5 6 17 12 6 5 17 14 15 12 15 13 19 7 12 9 13 15 4 13 7 6 7 16 3 14 13 4 14 14 10 6 15 7 13 3 16 5 14 10 11 8 8 10 9 9 14 8 5 8 11 14 16 3 12 5 13 6 9 18 13 10 10 3 13 20 7 10 9 10 10000 17 19 13 13 2 10 13 8 9 3 8 9 3 9 15 16 2 6 6 8 9 15 13 12 11 14 7 14 3 14 17 6 11 9 12 5 6 12 15 15 19 12 11 9 5 7 16 15 13 7 7 18 7 2 10 16 9 7 6 18 9 11 6 14 11 16 11 3 11 13 14 18 8 19 19 12 5 19 2 4 11 6 16 3 4 6 12 10 9 16 3 14 6 7 4 13 16 18 9 11 12 5 6 13 14 4 17 7 18 7 14 15 11 14 5 10 11 8 11 15 7 14 15 14 
14 6 7 16 16 14 18 11 1 13 18 14 2 4 6 10 5 5 3 17 18 18 5 6 14 15 23 13 18 14 17 6 16 19 14 14 16 16 15 17 14 16 12 19 5 14 14 10 10 11 10 9 13 10 13 11 16 8 5 20 7 20 4 12 19 3 15 15 11 16 11 4 14 12 8 10 17 10000 2 13 9 18 14 16 17 14 19 17 11 15 12 3 5 19 21 15 10 16 16 12 13 10 7 11 11 17 10 2 22 15 14 8 20 12 17 4 4 2 10 16 11 15 22 7 17 5 18 16 2 13 17 16 6 9 14 13 2 12 12 13 15 6 7 12 18 17 6 8 2 9 2 5 6 14 2 17 19 8 11 2 17 16 11 10 14 16 13 16 13 13 11 21 5 2 2 11 7 13 14 14 9 17 20 5 11 5 24 15 6 7 7 17 14 15 17 9 11 15 5 12 17 
15 7 7 17 18 15 20 13 2 14 20 15 2 5 7 11 6 7 2 18 19 19 7 7 16 16 25 15 19 15 19 7 17 20 15 15 17 17 16 19 15 17 13 20 7 15 15 11 11 13 12 11 14 12 14 13 18 9 5 21 8 21 6 13 20 3 16 16 12 17 12 4 15 13 10 12 19 2 10000 14 10 20 15 17 18 15 21 18 12 16 14 4 6 20 22 17 11 17 17 13 14 11 8 12 12 18 11 3 23 16 16 9 21 14 18 5 5 2 11 17 12 17 24 8 18 6 19 17 1 14 18 18 7 11 16 14 1 13 13 14 16 8 8 13 19 18 7 10 2 11 1 5 8 15 1 18 21 9 13 3 19 18 13 11 16 17 14 18 14 14 12 22 6 3 1 13 8 14 15 16 10 18 22 6 13 6 25 16 7 8 8 19 16 16 18 10 12 17 6 12 18 
2 17 7 20 17 3 11 10 13 1 18 10 14 12 8 4 9 13 15 18 22 8 12 17 13 2 17 14 19 3 11 15 3 12 21 20 5 17 3 18 1 14 3 11 8 4 3 8 10 16 15 13 1 13 12 14 21 17 9 15 8 13 10 9 20 16 2 19 4 11 18 17 6 4 8 5 13 13 14 10000 5 14 18 4 7 17 14 7 5 12 5 14 9 15 13 8 8 6 3 2 2 4 16 11 19 11 18 15 15 3 5 15 12 8 21 10 15 15 4 5 6 9 15 7 23 13 19 17 14 7 12 20 8 8 7 14 14 5 3 9 21 10 7 3 12 21 8 17 15 10 14 18 8 10 14 14 16 7 10 13 12 10 12 17 18 19 3 15 20 9 10 15 11 13 14 16 12 19 8 8 5 23 15 17 12 17 17 3 8 11 7 10 18 19 8 15 20 7 8 3 23 
6 13 3 17 15 5 12 8 9 4 16 9 10 8 4 2 5 9 11 16 19 10 8 13 12 6 18 12 17 6 12 11 7 13 17 17 8 15 7 17 5 13 5 13 4 6 5 6 8 13 12 9 5 10 10 11 18 13 6 15 4 14 6 8 18 12 6 16 3 11 15 13 7 4 5 3 13 9 10 5 10000 14 15 7 9 15 14 9 4 11 5 10 5 15 14 9 6 8 7 3 4 2 12 8 15 11 14 10 16 6 6 11 13 7 18 6 11 11 2 8 4 9 16 4 20 9 17 15 10 6 12 17 5 6 7 12 10 5 4 7 18 7 4 4 12 18 4 13 11 7 10 13 4 9 10 13 16 4 8 9 12 10 9 13 16 16 5 14 17 8 8 15 7 9 10 13 8 16 8 8 1 20 15 13 10 13 18 7 4 7 3 11 16 16 10 11 16 8 4 4 20 
13 17 16 10 6 12 6 7 19 14 5 6 18 15 16 13 16 14 20 7 12 9 14 16 5 14 6 6 7 17 4 15 14 4 14 14 11 6 16 7 14 3 17 6 15 11 12 9 9 11 10 10 15 9 6 9 11 15 18 2 13 4 15 7 8 19 14 10 12 4 14 21 9 12 11 11 2 18 20 14 14 10000 10 14 9 10 2 9 11 4 10 17 17 1 5 7 10 10 16 14 13 12 15 8 14 4 14 18 5 12 11 13 5 8 12 16 16 20 13 12 10 6 6 17 15 15 7 7 19 9 3 10 17 10 8 7 19 10 12 7 14 13 17 13 4 11 14 14 20 10 20 20 13 6 20 2 2 12 7 17 3 5 8 13 10 9 17 4 15 7 8 4 14 17 19 10 12 13 7 7 15 15 3 18 8 19 6 15 16 12 16 6 10 11 8 12 15 8 16 16 14 
17 10 15 3 5 16 14 9 14 17 7 10 13 10 15 15 14 9 15 5 5 17 10 9 7 19 16 5 6 20 12 8 19 13 4 4 16 4 20 5 18 8 19 14 13 16 17 10 8 3 4 6 18 5 7 5 3 7 16 12 12 14 12 9 6 13 19 2 14 11 5 14 13 15 10 13 10 14 15 18 15 10 10000 19 15 1 12 16 13 9 13 11 15 11 15 13 10 16 20 17 16 14 8 8 5 12 6 12 15 17 16 6 14 11 4 13 10 14 15 17 12 12 16 16 6 9 5 4 15 12 11 3 16 10 14 5 14 13 15 10 4 10 16 16 12 4 13 6 14 8 15 13 12 10 15 8 10 12 8 12 12 13 7 5 1 3 20 7 5 10 8 13 11 12 15 3 8 3 11 12 15 6 13 11 6 11 16 20 15 9 15 14 1 2 15 5 6 14 14 18 5 
2 19 10 21 17 3 9 11 16 4 18 10 17 15 11 6 12 15 18 18 22 6 14 19 13 2 15 15 19 5 10 17 1 11 22 22 4 17 3 18 3 14 6 10 11 3 3 9 12 17 16 14 4 15 12 15 21 19 12 14 10 12 13 10 20 18 2 20 6 10 20 20 6 5 10 7 13 16 17 4 7 14 19 10000 6 18 13 6 7 12 6 16 12 14 11 8 10 4 3 5 4 7 18 12 20 10 20 17 13 2 4 17 11 9 22 13 17 18 6 3 7 8 13 10 24 15 19 18 17 7 12 20 11 10 6 15 17 6 5 9 23 12 10 4 11 21 11 19 18 12 17 20 11 10 17 14 16 9 11 16 11 9 12 18 19 19 5 15 22 9 11 13 13 15 17 17 14 20 8 8 8 24 14 19 13 20 15 3 11 13 10 8 19 20 6 16 21 6 11 6 24 
6 18 12 17 13 5 4 8 17 7 13 6 17 14 12 8 13 14 19 14 19 2 13 18 9 6 10 11 14 10 5 16 6 6 19 19 2 13 8 14 6 9 10 5 12 4 5 8 9 15 13 12 8 12 9 12 17 17 14 9 10 7 13 7 16 19 7 16 6 5 17 20 3 6 9 7 8 17 18 7 9 9 15 6 10000 15 8 1 6 8 5 16 14 9 7 3 8 2 8 8 6 7 17 9 18 5 18 17 8 4 3 15 6 6 18 14 17 18 8 3 6 4 8 12 21 15 14 14 18 5 7 17 13 8 3 11 17 5 6 6 19 12 12 6 6 17 11 17 18 9 18 20 11 6 18 9 11 9 8 16 6 4 9 16 16 15 10 10 19 6 8 8 13 16 17 14 13 17 5 4 10 21 9 18 10 19 11 8 12 12 11 3 16 17 1 14 19 2 12 10 20 
17 10 15 3 5 16 13 8 14 16 7 9 13 10 14 14 14 9 15 5 5 16 9 9 6 18 15 4 5 20 11 8 19 12 5 5 16 4 20 5 17 7 19 14 13 15 16 10 8 3 4 6 18 5 6 4 4 7 15 11 12 13 11 9 6 14 18 2 13 10 5 15 13 14 10 13 9 14 15 17 15 10 1 18 15 10000 11 15 13 8 13 11 15 10 14 12 10 15 20 17 16 14 8 7 6 11 6 12 14 16 15 6 14 10 4 13 10 14 15 16 12 12 15 16 7 9 5 3 14 12 10 4 16 9 13 4 14 13 15 10 5 9 16 15 12 4 13 7 14 8 15 13 12 9 15 8 9 11 8 12 11 12 6 5 2 3 19 6 6 10 8 13 10 12 15 3 8 4 11 11 15 7 12 11 5 12 15 19 14 8 15 13 2 2 15 5 7 13 14 18 6 
12 18 16 12 8 11 4 8 19 13 7 6 19 16 17 13 16 15 21 9 14 8 15 18 6 13 5 8 9 16 3 16 13 2 16 16 10 8 15 9 13 5 16 4 15 11 12 10 10 12 12 11 14 11 7 10 13 16 18 2 13 2 15 8 10 20 13 12 11 4 15 22 8 11 11 11 3 19 21 14 14 2 12 13 8 11 10000 8 11 5 10 18 18 2 3 6 10 9 15 14 12 12 17 9 16 3 16 19 3 11 10 15 3 8 14 16 17 21 13 10 10 5 4 17 17 16 9 9 20 8 3 12 18 10 8 9 20 10 12 7 16 13 17 12 2 13 15 16 21 10 21 21 14 6 21 4 4 12 8 18 3 4 9 15 12 11 16 6 16 7 9 2 15 18 20 12 13 14 7 7 15 17 2 19 9 20 5 15 16 13 16 5 12 13 7 13 17 7 16 16 16 
6 18 12 17 13 5 4 8 17 7 13 6 18 15 13 8 13 15 19 14 19 2 14 18 10 6 10 11 14 10 5 16 6 6 19 19 2 13 8 14 6 10 10 5 12 4 5 8 10 15 13 12 8 12 9 12 18 17 14 9 10 7 13 8 16 19 7 16 7 6 18 20 4 6 9 7 8 17 18 7 9 9 16 6 1 15 8 10000 6 8 5 16 14 9 7 3 8 2 8 8 6 8 17 9 18 5 18 18 8 4 3 15 6 6 18 14 17 19 8 3 7 4 8 12 21 15 15 14 18 5 7 17 13 9 3 12 18 6 6 6 20 12 13 6 6 18 12 17 19 10 18 20 11 6 18 9 11 9 8 17 6 4 10 16 16 15 10 11 19 6 9 8 13 16 18 14 13 17 5 4 10 21 9 19 11 19 11 8 12 12 11 3 16 17 1 14 19 3 12 10 20 
5 13 6 15 12 4 9 5 11 4 13 6 12 9 7 3 7 9 13 13 17 8 8 13 9 6 15 9 14 8 8 11 7 10 16 16 5 12 8 14 5 10 7 9 6 4 4 4 6 12 10 8 6 9 7 9 16 13 8 12 4 11 7 5 16 13 6 14 1 7 14 15 3 2 4 1 9 11 12 5 4 11 13 7 6 13 11 6 10000 8 2 11 8 11 11 5 4 5 8 5 4 2 12 6 14 8 14 12 12 5 4 11 10 4 16 8 11 13 3 6 1 6 13 7 19 10 14 13 12 3 9 15 8 4 4 10 12 1 3 4 17 6 7 3 9 16 6 13 13 6 12 15 5 5 12 10 12 4 6 11 9 7 7 12 14 14 7 11 16 4 5 12 8 10 12 11 8 14 5 5 4 18 12 13 8 14 15 7 6 7 6 7 14 15 7 10 15 5 7 6 18 
11 14 13 10 6 10 6 4 15 11 6 3 15 12 13 10 12 11 17 7 11 9 10 13 2 12 9 4 7 14 4 11 12 5 12 12 9 6 14 7 11 3 14 6 11 9 10 6 5 8 7 7 12 6 3 6 10 12 14 6 9 6 11 4 9 16 12 9 9 3 11 17 6 9 7 8 3 15 16 12 11 4 9 12 8 8 5 8 8 10000 7 13 14 5 7 5 6 8 14 12 10 9 12 4 12 4 12 14 8 10 8 10 7 4 11 12 13 16 10 10 7 4 9 13 14 11 7 7 16 6 3 9 14 6 6 5 16 7 10 4 12 9 13 10 5 10 11 11 16 6 16 17 10 3 16 3 5 9 4 14 4 4 4 10 9 8 14 3 13 4 4 7 11 13 16 8 9 11 4 5 11 14 6 15 5 15 10 13 12 8 12 6 9 10 8 9 13 6 12 13 13 
5 14 8 15 12 3 7 5 12 4 13 5 13 10 8 4 8 10 15 13 17 6 9 14 8 6 13 9 14 8 7 12 6 8 16 16 4 12 7 13 5 9 8 8 8 3 4 4 6 12 10 9 6 9 7 9 16 13 10 11 6 9 8 5 15 14 6 14 2 6 15 16 2 2 5 3 9 12 14 5 5 10 13 6 5 13 10 5 2 7 10000 12 9 10 10 4 4 4 8 5 4 3 13 6 15 7 14 13 11 4 3 11 9 3 17 9 13 14 4 5 2 5 12 8 19 11 14 13 13 2 8 15 9 5 3 10 13 1 3 4 17 8 8 3 8 16 7 13 14 6 14 16 6 5 14 9 12 5 6 12 7 6 7 13 14 14 8 10 16 4 6 11 9 11 13 11 9 15 4 4 6 19 11 15 8 15 14 7 8 8 7 6 14 15 5 11 16 4 8 7 18 
15 4 8 14 14 14 17 10 4 13 16 12 2 2 7 10 6 3 4 15 15 18 3 4 13 15 22 11 16 15 16 3 16 18 11 11 16 13 16 15 14 14 14 18 6 14 14 9 8 9 8 7 14 8 11 9 14 6 7 18 7 19 4 10 17 3 15 12 11 15 8 5 13 12 8 10 15 3 4 14 10 17 11 16 16 11 18 16 11 13 12 10000 7 17 19 14 9 15 17 13 13 10 4 9 8 16 7 2 20 15 14 5 19 11 14 4 2 4 11 16 10 15 21 9 15 3 15 13 4 12 15 14 8 8 14 11 4 11 12 12 13 5 8 12 17 15 6 6 4 8 4 4 6 13 4 15 17 8 10 2 16 15 10 7 12 14 14 14 10 12 10 19 4 2 4 9 5 10 13 13 9 15 19 3 9 4 22 16 7 5 8 16 12 12 17 7 9 15 6 13 14 
10 10 2 18 17 10 16 10 4 9 19 12 6 6 2 6 2 7 7 18 20 15 6 10 14 11 22 14 18 10 15 9 12 17 17 16 13 16 11 18 10 15 8 17 3 11 10 8 9 13 12 10 9 11 12 12 18 11 1 19 5 18 4 10 20 7 11 16 8 14 14 9 11 9 7 7 16 5 6 9 5 17 15 12 14 15 18 14 8 14 9 7 10000 18 19 13 8 12 12 8 9 7 10 10 14 15 13 7 20 11 11 10 18 10 19 3 8 7 7 12 8 13 20 3 20 7 18 16 5 10 15 18 2 8 12 13 5 9 8 11 18 6 3 8 16 19 3 11 7 9 6 10 4 12 6 16 19 6 10 6 16 14 11 12 16 17 9 16 16 11 10 19 5 5 5 13 8 15 12 12 5 20 19 9 11 10 22 11 2 7 3 15 16 17 14 11 14 13 2 7 19 
13 17 17 11 6 12 6 8 19 14 5 6 19 16 17 14 16 15 21 7 12 9 14 17 5 15 6 7 7 17 4 15 15 4 14 14 11 7 16 7 14 4 17 5 15 12 13 10 10 11 11 11 15 10 7 9 11 15 18 2 13 4 15 8 8 20 15 11 12 4 14 21 9 12 11 12 2 19 20 15 15 1 11 14 9 10 2 9 11 5 10 17 18 10000 5 7 10 10 16 15 13 13 16 8 15 4 15 18 5 12 11 14 5 8 12 16 17 20 14 12 11 6 6 17 15 15 7 8 20 9 3 10 18 10 9 8 20 11 13 8 14 13 17 13 4 11 15 15 20 10 20 21 14 6 20 3 2 13 8 18 3 5 8 14 10 9 17 4 15 7 8 3 15 17 20 11 13 13 7 7 15 15 3 18 8 19 6 16 16 12 16 6 11 11 9 12 16 8 16 17 15 
12 20 17 15 11 11 3 10 21 13 10 7 21 18 17 13 17 17 23 12 17 6 16 20 9 12 4 11 12 16 4 18 12 3 19 19 9 11 14 12 12 8 16 2 16 10 11 11 12 15 14 14 14 13 9 13 16 19 19 5 14 2 17 10 13 22 13 15 12 5 18 24 8 11 13 12 6 21 22 13 14 5 15 11 7 14 3 7 11 7 10 19 19 5 10000 6 11 8 14 14 12 13 19 11 19 4 19 21 2 11 9 17 1 9 17 18 19 22 13 9 11 6 2 18 20 18 12 12 22 9 5 15 18 12 8 11 22 10 12 9 19 15 18 12 3 16 16 18 22 12 22 23 15 7 22 7 7 14 10 20 4 5 11 17 15 14 16 8 19 8 10 3 17 19 22 14 15 17 7 7 15 19 4 21 11 22 4 14 17 15 16 4 15 16 6 16 20 7 17 16 19 
7 16 11 14 10 6 4 5 15 7 11 3 16 13 12 8 12 12 17 11 16 4 11 15 7 8 10 8 12 11 4 13 8 5 16 16 5 10 10 12 8 7 11 4 11 5 6 6 7 12 11 9 9 9 6 9 15 15 13 8 9 6 11 5 13 17 8 13 6 3 15 18 3 6 7 6 6 15 17 8 9 7 13 8 3 12 6 3 5 5 4 14 13 7 6 10000 6 4 10 8 7 7 15 7 15 3 15 16 8 6 4 13 5 3 16 12 15 17 8 5 5 1 8 12 18 13 12 11 16 3 5 14 13 7 2 9 16 5 6 3 17 10 12 7 4 15 10 14 17 7 17 18 9 3 17 7 9 8 6 15 4 2 7 14 13 13 11 8 16 3 6 7 11 14 16 11 11 15 2 2 9 18 7 17 8 17 10 9 11 10 11 3 13 14 3 12 17 2 11 10 17 
8 10 7 12 10 7 9 3 10 7 11 5 10 7 7 5 7 7 12 11 14 9 6 10 7 9 15 7 12 10 8 8 10 10 13 13 8 10 11 11 8 8 10 10 6 7 7 1 3 9 7 5 8 6 5 6 13 10 8 11 4 11 6 3 13 11 9 11 4 7 11 13 5 5 2 4 8 10 11 8 6 10 10 10 8 10 10 8 4 6 4 9 8 10 11 6 10000 7 11 7 7 4 10 3 11 8 11 10 13 8 7 8 11 3 14 7 9 11 6 8 3 6 13 8 16 7 12 10 11 4 8 12 8 1 6 7 11 4 6 3 14 4 8 6 9 13 5 10 11 3 11 13 4 5 11 9 11 3 3 9 8 7 4 9 11 11 10 9 13 4 3 12 6 8 11 8 5 11 5 5 6 16 12 11 5 12 15 10 7 4 7 8 11 12 8 7 12 6 6 9 15 
4 17 11 17 14 3 6 8 16 5 14 6 16 14 11 6 12 14 18 15 19 3 13 17 10 5 12 11 15 8 7 15 5 8 19 19 1 14 7 15 5 10 8 6 11 3 3 7 9 15 13 12 6 12 9 12 18 17 13 11 9 8 12 7 17 18 5 17 5 7 17 19 3 4 8 6 9 16 17 6 8 10 16 4 2 15 9 2 5 8 4 15 12 10 8 4 7 10000 6 6 4 6 16 9 18 6 17 16 10 3 2 15 7 6 19 13 16 18 6 2 5 5 10 11 21 14 15 14 17 4 8 17 12 8 3 12 16 4 5 6 20 11 11 5 7 18 10 17 17 9 17 19 10 6 17 10 12 8 8 15 7 5 10 16 16 16 8 11 19 6 8 10 12 15 16 14 12 17 5 4 8 21 10 18 11 18 12 6 11 11 10 5 16 17 3 14 19 3 11 8 21 
3 19 10 22 19 5 12 12 16 4 20 12 17 15 11 7 12 16 18 20 24 8 15 19 15 2 18 16 21 3 13 17 2 13 23 23 6 19 1 20 3 16 5 12 11 5 4 11 13 19 17 15 3 16 14 16 23 19 12 17 10 14 13 12 22 18 2 21 7 12 21 20 8 6 11 8 15 16 17 3 7 16 20 3 8 20 15 8 8 14 8 17 12 16 14 10 11 6 10000 4 5 7 19 13 21 12 21 17 15 4 6 18 13 10 24 13 18 18 6 5 8 10 16 9 26 16 21 20 17 9 14 22 11 11 8 17 17 8 6 11 24 13 10 5 13 23 11 20 18 13 17 20 11 12 17 16 18 10 13 16 13 11 14 19 21 21 4 17 23 11 13 16 14 15 16 18 15 21 10 10 8 26 16 20 15 20 18 1 10 14 9 11 21 22 8 17 22 9 11 5 25 
3 15 6 19 16 3 11 9 12 2 18 9 13 11 7 3 8 12 14 18 21 9 11 15 13 4 18 14 18 3 11 14 4 13 20 20 6 16 4 18 3 14 3 12 7 4 3 7 10 15 14 12 2 13 11 13 20 16 8 15 6 13 9 9 20 14 3 18 4 11 17 16 6 3 8 4 13 12 13 2 3 14 17 5 8 17 14 8 5 12 5 13 8 15 14 8 7 6 4 10000 2 3 15 10 18 11 17 13 15 4 5 14 13 8 20 9 14 14 3 6 5 9 16 6 23 12 18 17 13 6 12 19 7 8 7 14 13 5 3 8 21 9 6 2 12 20 7 16 14 9 13 16 7 9 13 14 16 6 10 12 12 10 11 16 18 18 3 15 19 8 10 15 10 12 13 15 11 18 8 8 4 22 15 16 12 16 18 4 6 10 5 10 18 19 8 14 19 8 7 2 22 
2 15 7 18 15 2 10 8 13 1 16 8 14 11 8 3 8 12 15 16 20 7 11 15 11 3 16 12 17 5 10 13 4 11 19 19 4 15 5 17 2 12 5 10 8 2 2 7 9 15 13 11 3 12 10 12 19 15 9 14 6 12 9 8 18 15 3 17 3 9 17 16 5 2 7 4 12 13 14 2 4 13 16 4 6 16 12 6 4 10 4 13 9 13 12 7 7 4 5 2 10000 3 15 9 17 9 17 14 13 3 3 14 11 6 19 10 14 15 3 4 4 7 14 7 22 12 17 16 14 5 11 18 8 7 5 13 14 3 1 7 20 9 7 1 10 19 8 15 15 9 14 17 7 8 14 12 15 6 8 13 10 8 10 15 17 17 5 13 19 7 8 13 10 12 13 14 11 17 7 6 5 22 13 16 11 16 16 4 7 10 6 8 17 18 7 13 18 6 8 4 21 
5 13 5 16 14 4 10 7 10 4 15 7 11 9 6 1 6 9 12 15 18 9 8 13 10 6 16 11 16 6 10 11 7 11 17 17 6 13 7 15 5 11 6 11 5 4 4 5 7 12 11 9 5 10 9 10 17 13 7 14 4 12 7 6 17 12 6 15 2 9 14 14 5 3 5 2 11 10 11 4 2 12 14 7 7 14 12 8 2 9 3 10 7 13 13 7 4 6 7 3 3 10000 12 7 15 10 14 11 14 5 5 11 12 5 17 7 11 12 2 6 3 8 15 5 20 9 15 14 11 4 10 16 6 5 6 11 11 3 2 6 18 6 5 3 11 17 5 13 12 6 11 14 4 7 11 12 14 3 7 10 10 9 8 13 15 15 6 12 16 6 7 14 7 9 11 12 8 15 6 6 3 19 14 13 9 14 16 6 5 7 4 9 15 16 8 11 16 6 5 5 19 
16 2 11 10 12 16 17 10 8 15 14 12 6 5 10 13 9 3 7 12 12 18 5 1 11 18 21 10 13 18 16 2 18 17 8 8 17 11 18 13 16 13 16 18 9 16 16 10 8 6 6 6 16 7 10 7 11 2 10 17 9 18 7 10 14 6 17 9 13 14 5 7 14 14 9 12 14 7 8 16 12 15 8 18 17 8 17 17 12 12 13 4 10 16 19 15 10 16 19 15 15 12 10000 9 4 15 4 5 20 17 16 3 18 12 11 7 3 7 13 17 12 15 21 12 11 4 13 11 7 13 15 11 11 9 15 9 7 13 14 12 9 6 12 14 16 11 9 2 7 8 8 6 9 12 7 14 16 9 10 5 15 15 9 4 9 11 17 13 7 12 9 18 6 6 8 6 5 7 13 14 12 11 18 3 8 4 21 18 10 6 11 16 9 9 17 4 5 15 9 15 10 
10 10 9 10 7 9 9 2 11 10 9 4 11 8 9 8 9 7 13 8 12 10 6 10 4 12 13 4 9 13 7 8 12 9 11 11 10 7 13 9 11 6 12 10 8 9 10 3 2 6 5 3 11 3 3 4 10 9 11 10 6 10 7 2 10 12 12 9 7 6 9 13 6 8 4 6 7 11 12 11 8 8 8 12 9 7 9 9 6 4 6 9 10 8 11 7 3 9 13 10 9 7 9 10000 9 7 9 11 12 10 8 7 10 4 11 8 9 12 8 10 5 6 12 10 13 7 9 7 12 5 7 10 11 3 7 4 12 6 8 4 11 5 10 9 8 11 7 8 12 2 12 13 6 4 12 6 9 6 1 10 7 7 1 8 8 8 13 6 11 4 1 10 7 10 12 6 5 9 5 6 9 13 10 11 2 12 13 13 9 4 9 8 8 9 9 6 11 7 9 12 12 
19 6 14 7 10 18 18 11 12 18 12 13 10 8 13 15 13 7 11 10 8 19 8 5 11 20 20 9 11 20 16 5 20 17 4 4 18 9 21 10 19 12 19 18 12 17 18 11 9 4 5 7 19 7 10 7 7 3 14 16 12 18 10 11 11 10 20 6 15 14 1 10 15 16 11 14 14 11 12 19 15 14 5 20 18 6 16 18 14 12 15 8 14 15 19 15 11 18 21 18 17 15 4 9 10000 15 1 9 19 18 17 4 18 13 7 11 7 11 16 19 13 15 20 15 7 7 10 9 11 14 14 8 15 11 16 8 11 14 16 13 5 9 15 17 16 8 12 3 11 9 12 9 11 13 11 13 14 12 10 9 15 16 9 2 6 8 20 11 3 13 10 18 9 10 12 5 7 3 14 14 15 7 17 7 8 7 20 21 14 8 14 17 6 6 18 4 2 16 13 18 6 
10 17 14 13 8 9 3 6 17 10 9 4 17 14 14 10 14 13 19 10 15 6 13 16 6 11 7 8 10 14 1 14 11 2 16 16 7 9 12 10 10 5 14 3 13 8 9 8 8 12 11 10 12 10 6 9 14 15 15 5 11 3 13 6 11 18 11 13 9 2 15 20 5 8 9 9 3 17 18 11 11 4 12 10 5 11 3 5 8 4 7 16 15 4 4 3 8 6 12 11 9 10 15 7 15 10000 15 17 5 9 7 13 3 5 14 14 16 19 10 8 8 2 6 14 17 14 10 10 18 6 2 13 15 8 5 8 18 7 9 5 16 11 14 9 2 14 12 15 19 8 18 20 11 4 18 5 6 10 6 16 1 2 7 14 12 11 13 6 16 5 7 5 13 16 18 11 12 14 4 4 12 17 5 18 8 18 7 12 14 11 13 2 12 13 5 12 17 4 13 13 17 
18 5 13 8 10 17 17 10 11 17 12 12 9 7 13 15 12 6 11 10 9 19 7 4 11 19 20 9 11 20 15 5 20 17 4 4 18 9 20 11 18 12 19 18 11 17 17 11 9 4 5 6 18 6 10 6 8 2 13 16 11 18 10 11 11 9 19 6 14 14 2 10 15 15 10 14 14 10 11 18 14 14 6 20 18 6 16 18 14 12 14 7 13 15 19 15 11 17 21 17 17 14 4 9 1 15 10000 8 19 18 17 4 18 12 8 10 6 10 15 19 13 15 20 15 8 6 11 9 11 14 14 8 14 10 15 8 11 14 16 12 6 8 14 16 16 8 11 2 10 9 11 8 11 13 11 13 14 11 10 9 15 15 9 2 6 8 19 11 3 12 10 18 8 9 11 5 6 4 13 14 14 8 17 6 8 7 20 20 13 7 14 17 6 6 18 4 2 16 12 18 7 
15 4 8 15 16 15 19 11 3 14 18 14 1 3 7 11 6 4 3 16 16 19 5 5 14 16 23 13 17 16 17 5 17 19 12 12 17 15 17 17 15 15 14 19 7 15 15 10 10 10 9 8 14 10 12 10 15 7 7 20 8 20 5 12 18 2 16 13 12 16 9 3 14 13 9 11 17 2 3 15 10 18 12 17 17 12 19 18 12 14 13 2 7 18 21 16 10 16 17 13 14 11 5 11 9 17 8 10000 22 16 15 6 20 13 15 5 3 2 12 17 11 16 22 9 16 4 17 15 3 13 17 15 8 10 15 12 3 12 13 13 14 6 9 13 18 16 7 7 2 9 3 4 7 14 3 16 19 9 11 2 17 17 11 8 13 15 15 16 11 13 11 20 5 2 3 10 6 11 14 14 10 16 20 3 11 3 23 17 8 7 9 18 13 13 18 8 10 16 7 13 15 
13 21 18 15 10 12 4 11 22 14 9 8 22 19 19 15 19 18 24 11 16 8 17 21 9 14 3 11 11 17 5 19 14 3 19 19 10 11 16 11 14 8 17 4 17 12 13 12 13 15 14 14 15 14 10 13 16 19 20 4 16 2 18 10 12 23 14 15 13 6 18 24 10 13 14 13 6 22 23 15 16 5 15 13 8 14 3 8 12 8 11 20 20 5 2 8 13 10 15 15 13 14 20 12 19 5 19 22 10000 12 11 17 3 10 17 19 20 23 15 11 12 7 1 19 19 18 11 12 23 10 5 15 20 13 9 12 23 12 13 10 19 16 19 13 4 15 17 19 23 13 23 24 16 8 23 7 6 15 11 21 5 6 12 18 15 13 17 8 19 9 11 2 18 20 23 15 16 17 9 8 16 19 3 22 12 23 3 15 18 15 18 6 15 16 7 16 20 8 18 17 19 
2 17 9 19 15 2 8 9 15 3 16 8 16 13 10 5 10 14 17 16 21 5 12 17 12 3 14 13 17 6 9 15 3 10 20 20 3 15 4 17 2 12 6 9 10 1 1 8 10 16 14 12 4 13 11 13 19 17 11 13 8 10 11 8 18 17 3 18 5 9 18 18 4 3 8 5 11 15 16 3 6 12 17 2 4 16 11 4 5 10 4 15 11 12 11 6 8 3 4 4 3 5 17 10 18 9 18 16 12 10000 2 15 10 7 20 12 16 17 5 2 5 7 12 9 22 14 17 16 16 5 10 19 10 8 4 13 16 4 3 7 21 11 9 3 9 20 10 17 17 10 16 19 9 8 16 12 14 8 9 15 9 7 11 17 17 17 6 13 20 7 9 12 12 14 15 15 12 18 7 6 7 22 12 18 12 18 14 4 10 11 9 7 18 18 5 14 20 5 10 6 22 
3 16 9 17 14 2 7 7 14 4 14 6 15 13 10 5 10 13 17 15 19 4 12 16 10 4 13 11 15 7 7 14 4 8 19 19 2 14 6 15 4 11 7 7 9 1 2 6 8 14 13 11 5 11 9 12 18 16 11 11 8 9 11 7 17 17 4 16 4 7 17 18 3 3 8 5 9 14 16 5 6 11 16 4 3 15 10 3 4 8 3 14 11 11 9 4 7 2 6 5 3 5 16 8 17 7 17 15 11 2 10000 14 8 5 19 11 15 16 5 2 4 5 11 9 21 13 15 14 15 4 8 17 10 7 3 12 15 3 3 6 19 10 10 3 8 18 9 16 16 9 16 18 9 6 16 10 13 7 8 14 8 6 9 15 16 16 7 11 19 6 8 11 11 14 15 14 11 17 5 4 7 21 11 17 10 17 13 5 9 10 9 6 16 17 4 13 18 3 10 7 20 
15 4 10 9 10 14 15 8 9 14 12 10 7 5 10 12 9 3 9 10 11 16 4 4 9 16 19 7 11 17 13 2 17 15 7 7 15 9 17 11 15 10 15 16 8 14 14 8 6 4 4 4 15 4 8 5 9 2 10 15 8 16 6 8 12 8 16 7 11 12 4 9 12 12 7 11 12 8 9 15 11 13 6 17 15 6 15 15 11 10 11 5 10 14 17 13 8 15 18 14 14 11 3 7 4 13 4 6 17 15 14 10000 16 10 9 7 4 8 12 16 10 13 18 11 10 4 11 9 9 11 12 9 11 7 13 7 9 11 13 10 8 5 11 13 14 10 8 2 8 6 9 8 8 10 9 11 14 8 7 6 13 13 6 3 7 9 16 10 6 10 7 16 5 6 9 4 3 6 11 12 11 10 16 5 6 6 19 17 10 4 11 14 7 7 15 2 5 13 9 15 10 
11 20 16 15 10 10 2 9 20 12 10 7 20 17 16 12 16 16 22 11 16 6 16 19 8 12 5 10 11 15 3 17 12 2 18 18 8 11 13 11 12 7 15 1 15 9 10 10 11 15 13 13 13 12 9 12 16 18 18 5 14 1 16 9 13 21 12 15 11 4 18 23 7 10 12 11 5 20 21 12 13 5 14 11 6 14 3 6 10 7 9 19 18 5 1 5 11 7 13 13 11 12 18 10 18 3 18 20 3 10 8 16 10000 8 16 17 19 21 12 9 10 5 3 17 19 17 12 12 21 8 4 15 17 11 7 11 21 9 11 8 18 14 17 11 3 15 15 18 21 11 21 22 14 7 21 7 7 13 9 19 3 4 10 17 14 13 15 8 19 8 10 3 16 19 21 14 14 17 7 6 14 19 4 20 11 21 5 13 16 14 16 3 15 15 5 15 19 6 16 15 19 
7 13 9 12 9 6 7 3 13 7 10 2 13 10 9 6 9 9 15 10 14 7 8 12 6 9 12 7 11 11 5 11 9 7 14 14 6 9 10 11 8 7 10 7 8 6 7 3 4 10 8 7 9 7 4 7 13 12 11 9 6 8 8 2 12 14 9 12 5 4 12 16 3 5 4 4 6 12 14 8 7 8 11 9 6 10 8 6 4 4 3 11 10 8 9 3 3 6 10 8 6 5 12 4 13 5 12 13 10 7 5 10 8 10000 14 9 12 14 6 7 3 4 11 10 16 10 11 10 13 2 6 12 10 4 3 7 13 3 6 1 15 7 10 6 6 13 8 12 14 4 14 15 7 2 14 7 9 5 3 12 6 5 5 11 11 11 10 7 14 1 3 9 8 11 13 9 8 12 2 2 7 16 9 14 5 14 12 10 9 7 9 5 11 12 6 9 14 4 9 10 16 
21 12 18 2 7 19 16 12 17 20 8 13 16 14 18 18 17 12 18 6 2 19 13 11 9 22 17 8 6 23 14 11 22 15 4 4 19 6 23 6 21 10 23 17 16 19 20 13 11 6 7 9 21 8 10 8 1 9 19 13 16 16 15 12 5 16 22 3 17 14 6 17 16 18 14 17 12 17 18 21 18 12 4 22 18 4 14 18 16 11 17 14 19 12 17 16 14 19 24 20 19 17 11 11 7 14 8 15 17 20 19 9 16 14 10000 16 13 17 19 20 16 15 17 20 3 12 6 5 17 15 13 2 19 13 16 7 17 16 19 13 3 13 19 19 15 2 16 9 17 12 18 15 15 13 18 10 11 15 11 15 14 15 10 7 3 4 23 9 6 13 12 15 14 15 18 6 11 5 14 15 18 3 14 13 9 14 17 23 18 12 19 16 3 2 18 8 7 17 17 22 3 
11 7 4 15 15 11 16 9 4 10 17 11 4 3 3 7 2 5 6 15 17 15 4 7 12 12 21 11 16 11 14 6 13 16 14 14 13 14 13 16 11 14 10 16 2 11 11 7 7 10 9 7 10 9 10 9 16 9 3 17 4 17 2 9 17 6 12 14 8 13 11 7 11 9 6 7 15 4 5 10 6 16 13 13 14 13 16 14 8 12 9 4 3 16 18 12 7 13 13 9 10 7 7 8 11 14 10 5 19 12 11 7 17 9 16 10000 5 5 7 13 8 13 20 5 17 4 16 14 5 10 14 16 4 6 11 11 4 9 9 10 15 4 5 9 15 16 3 9 5 7 5 8 3 11 5 14 17 5 9 4 15 14 9 9 14 15 11 14 13 10 8 18 3 3 4 10 5 12 11 11 6 17 18 7 9 7 21 12 4 5 5 14 14 14 14 8 12 12 3 9 16 
15 2 9 13 14 15 18 10 5 14 16 13 3 3 8 11 7 3 5 14 14 18 4 3 12 16 22 11 15 16 16 2 17 18 10 10 16 13 17 15 15 14 15 18 7 15 15 9 8 8 7 7 15 8 11 8 13 4 8 18 8 19 5 11 16 4 16 11 12 15 7 5 14 13 8 11 15 4 5 15 11 16 10 17 17 10 17 17 11 13 13 2 8 17 19 15 9 16 18 14 14 11 3 9 7 16 6 3 20 16 15 4 19 12 13 5 10000 5 12 17 11 15 21 10 14 2 15 13 5 12 15 13 9 9 14 10 5 12 13 12 12 5 10 13 17 14 7 5 4 8 6 4 7 13 5 15 17 8 10 3 16 16 9 6 11 13 15 14 9 12 10 19 4 3 5 8 5 9 13 14 10 14 19 2 9 3 22 17 8 6 9 17 11 11 17 6 8 15 8 14 13 
16 6 8 17 18 16 20 13 3 15 20 15 2 5 8 12 7 6 1 18 18 20 7 6 16 17 25 15 19 16 19 7 18 20 14 14 18 17 17 19 16 17 14 21 7 16 16 12 11 12 11 10 15 11 14 12 17 8 7 21 9 21 6 13 20 2 17 15 13 18 11 2 16 14 10 12 19 2 2 15 11 20 14 18 18 14 21 19 13 16 14 4 7 20 22 17 11 18 18 14 15 12 7 12 11 19 10 2 23 17 16 8 21 14 17 5 5 10000 12 18 13 17 24 9 17 6 19 17 2 14 18 17 8 11 16 14 2 14 14 14 16 8 9 14 20 18 8 9 1 11 2 4 8 15 1 18 21 10 13 3 19 18 13 10 15 17 15 17 13 14 13 22 6 3 2 12 8 13 15 16 11 17 22 5 13 5 25 17 8 8 9 19 15 15 19 10 11 17 7 13 17 
4 13 5 17 15 4 11 8 10 3 16 8 11 9 5 1 6 10 12 16 19 9 9 13 11 5 17 12 17 5 11 12 6 12 18 18 7 15 6 16 4 12 4 12 5 4 4 6 8 13 12 10 4 11 10 11 18 14 7 15 4 13 7 7 18 13 5 16 2 10 15 14 6 3 6 3 12 10 11 4 2 13 15 6 8 15 13 8 3 10 4 11 7 14 13 8 6 6 6 3 3 2 13 8 16 10 15 12 15 5 5 12 12 6 19 7 12 12 10000 6 4 8 15 5 21 10 17 15 11 5 11 17 6 6 6 12 11 4 2 7 19 7 5 2 11 18 5 14 12 7 11 15 5 8 12 13 15 4 8 10 11 9 9 14 16 16 5 13 17 7 8 14 8 10 11 13 9 16 7 7 2 21 15 14 10 14 17 6 5 8 4 10 16 17 8 12 17 7 5 4 20 
3 18 11 19 15 3 7 9 16 4 16 8 17 14 11 6 12 15 18 16 21 4 13 18 11 4 13 13 17 7 8 16 4 9 20 20 1 15 5 16 4 12 7 8 11 2 3 8 10 16 14 13 5 13 11 13 19 18 13 12 9 9 12 8 18 18 4 18 6 8 19 20 4 4 9 6 11 16 17 5 8 12 17 3 3 16 10 3 6 10 5 16 12 12 9 5 8 2 5 6 4 6 17 10 19 8 19 17 11 2 2 16 9 7 20 13 17 18 6 10000 6 6 11 11 23 15 17 16 17 5 9 19 12 9 4 13 17 5 5 7 21 12 11 4 9 20 11 18 18 10 17 20 10 8 17 12 13 9 9 16 9 7 11 17 17 17 7 13 20 7 9 11 13 15 17 15 13 19 6 6 8 23 12 19 12 19 13 5 11 12 10 6 18 18 4 15 20 4 11 7 22 
6 12 7 14 12 5 9 4 11 5 13 5 11 9 7 4 7 9 13 13 16 8 8 12 8 7 14 9 13 8 8 10 8 9 15 15 6 11 8 13 6 9 8 9 6 5 5 3 5 11 9 7 6 8 7 8 15 12 9 12 4 10 7 4 15 13 7 13 2 7 13 14 3 3 4 2 9 11 12 6 4 10 12 7 6 12 10 7 1 7 2 10 8 11 11 5 3 5 8 5 4 3 12 5 13 8 13 11 12 5 4 10 10 3 16 8 11 13 4 6 10000 6 13 7 18 9 13 12 12 2 8 14 8 3 4 9 12 2 3 4 16 6 7 4 9 15 6 12 13 5 12 14 5 5 12 9 12 3 5 10 8 7 6 12 13 13 8 10 15 4 5 12 7 10 12 10 7 13 4 4 5 18 12 13 7 14 14 8 7 6 6 7 13 14 7 10 15 5 7 7 17 
8 16 12 14 9 7 3 5 16 8 10 3 16 13 12 8 12 12 18 11 15 5 12 15 6 9 9 8 11 12 3 14 9 4 16 16 5 10 11 11 8 6 12 4 11 6 7 6 7 12 10 9 10 9 6 9 14 14 14 7 9 5 12 5 13 17 9 13 7 2 15 19 3 6 8 7 5 15 17 9 9 6 12 8 4 12 5 4 6 4 5 15 13 6 6 1 6 5 10 9 7 8 15 6 15 2 15 16 7 7 5 13 5 4 15 13 15 17 8 6 6 10000 8 12 18 13 11 10 17 4 4 13 13 7 3 8 16 5 7 4 16 10 12 7 3 14 11 14 17 7 17 18 10 3 17 6 8 8 6 15 3 2 7 14 12 12 12 7 16 3 6 6 12 14 17 11 11 14 2 2 10 18 7 17 8 17 9 10 12 10 11 2 13 14 4 12 16 2 12 11 17 
14 22 19 16 11 13 5 11 23 14 10 9 23 20 19 15 19 19 25 12 17 8 18 21 10 14 3 12 12 17 6 20 14 4 20 20 10 12 16 12 14 9 18 4 18 12 13 13 13 16 15 15 16 14 11 14 17 20 21 5 16 3 18 11 13 24 14 16 14 7 19 25 10 13 14 14 7 22 24 15 16 6 16 13 8 15 4 8 13 9 12 21 20 6 2 8 13 10 16 16 14 15 21 12 20 6 20 22 1 12 11 18 3 11 17 20 21 24 15 11 13 8 10000 19 20 19 12 13 23 11 6 16 20 14 10 13 23 12 14 10 19 17 20 14 5 16 18 20 24 14 24 25 17 9 24 8 7 15 12 22 6 7 12 19 16 14 18 9 20 10 12 3 18 21 23 16 17 18 9 9 17 20 4 23 13 24 3 15 19 16 18 6 16 17 8 17 21 9 19 18 20 
8 12 2 19 17 8 15 10 7 7 19 12 8 8 2 5 3 9 9 18 21 13 8 12 14 9 21 14 19 7 15 11 10 16 18 18 11 17 9 19 8 15 6 16 4 9 8 8 9 14 13 11 7 12 12 13 19 13 3 18 5 17 6 10 20 10 9 17 6 14 15 11 10 7 7 6 16 7 8 7 4 17 16 10 12 16 17 12 7 13 8 9 3 17 18 12 8 11 9 6 7 5 12 10 15 14 15 9 19 9 9 11 17 10 20 5 10 9 5 11 7 12 19 10000 21 9 19 17 8 9 15 19 2 8 10 14 8 8 7 10 19 7 1 7 15 20 4 13 9 9 8 12 5 12 8 16 18 5 10 8 15 13 11 14 17 18 7 16 17 10 10 18 7 7 8 14 9 16 11 11 3 21 18 12 12 12 21 9 2 8 2 14 17 18 13 12 16 11 3 5 20 
23 12 20 5 9 22 19 14 18 22 11 15 16 15 20 20 19 13 18 9 4 22 14 12 12 24 20 10 9 25 17 12 25 18 4 4 22 9 26 9 23 12 25 19 18 21 22 16 14 8 9 11 24 10 12 10 4 10 20 16 17 19 16 15 8 16 24 5 19 16 7 17 19 20 15 19 15 17 18 23 20 15 6 24 21 7 17 21 19 14 19 15 20 15 20 18 16 21 26 23 22 20 11 13 7 17 8 16 19 22 21 10 19 16 3 17 14 17 21 23 18 18 20 21 10000 13 8 8 18 18 16 5 21 15 19 10 18 19 21 16 3 15 21 21 17 4 18 9 17 14 19 15 17 16 18 13 14 17 14 16 17 18 12 8 6 7 25 12 5 16 14 18 15 16 18 8 13 5 17 17 20 1 17 13 11 14 20 25 20 14 20 19 5 5 21 10 7 19 19 24 1 
14 4 8 12 12 13 16 8 6 13 14 11 4 2 7 10 6 1 6 13 14 16 2 4 11 15 20 9 14 15 14 2 15 16 10 10 14 11 16 13 14 12 13 16 6 13 13 7 6 7 6 5 13 6 9 7 12 5 7 16 6 17 4 9 15 5 15 10 10 13 7 7 12 11 6 9 13 5 6 13 9 15 9 15 15 9 16 15 10 11 11 3 7 15 18 13 7 14 16 12 12 9 4 7 7 14 6 4 18 14 13 4 17 10 12 4 2 6 10 15 9 13 19 9 13 10000 13 11 6 10 13 12 8 7 12 9 6 10 11 10 11 4 9 12 15 13 6 5 6 6 6 6 6 11 6 13 15 7 8 3 14 14 8 6 10 12 14 12 9 10 8 17 3 3 6 7 3 9 11 12 9 13 17 4 7 5 20 15 7 4 8 15 10 11 15 5 8 13 6 12 13 
18 14 18 4 2 17 12 9 18 18 3 10 17 14 18 16 17 13 19 1 5 15 13 14 6 19 12 5 1 21 10 13 19 10 9 9 16 3 21 1 18 5 21 12 16 16 17 11 10 7 8 9 19 8 7 7 5 12 19 8 15 11 15 10 2 18 19 5 15 9 10 19 13 15 12 15 7 18 19 19 17 7 5 19 14 5 9 15 14 7 14 15 18 7 12 12 12 15 21 18 17 15 13 9 10 10 11 17 11 17 15 11 12 11 6 16 15 19 17 17 13 11 12 19 8 13 10000 2 19 13 8 4 19 12 13 5 19 14 16 11 8 13 19 16 10 5 16 11 18 10 19 18 15 10 19 6 6 14 9 16 9 11 8 10 5 3 21 4 10 10 9 10 14 16 19 7 12 8 11 11 17 8 9 16 7 16 12 20 17 12 18 12 5 6 14 9 11 13 17 20 8 
17 13 16 4 2 15 12 8 16 16 4 9 15 12 16 15 15 11 17 2 5 15 11 12 5 18 12 4 3 20 10 11 18 10 7 8 15 1 19 2 17 5 19 12 14 15 16 10 8 5 6 7 18 6 6 5 5 10 17 9 13 11 13 8 4 16 18 4 14 9 8 17 12 14 11 13 7 16 17 17 15 7 4 18 14 3 9 14 13 7 13 13 16 8 12 11 10 14 20 17 16 14 11 7 9 10 9 15 12 16 14 9 12 10 5 14 13 17 15 16 12 10 13 17 8 11 2 10000 17 11 8 3 17 10 12 4 17 13 15 9 7 11 17 15 10 4 14 9 17 9 17 16 13 9 17 6 6 12 8 14 9 10 6 8 3 2 19 4 8 9 8 10 12 14 17 5 10 6 10 10 15 8 10 14 6 14 12 19 16 10 16 12 4 4 14 7 9 12 15 18 8 
15 6 7 17 17 15 20 13 2 14 19 15 2 5 6 11 6 6 2 18 19 19 6 7 15 16 25 14 19 15 18 7 17 20 15 14 17 17 16 18 15 17 13 20 6 15 15 11 11 12 11 10 14 11 14 12 17 9 5 21 8 21 6 13 20 3 16 15 12 17 12 4 15 13 9 11 18 2 1 14 10 19 15 17 18 14 20 18 12 16 13 4 5 20 22 16 11 17 17 13 14 11 7 12 11 18 11 3 23 16 15 9 21 13 17 5 5 2 11 17 12 17 23 8 18 6 19 17 10000 14 18 17 7 10 15 14 1 13 13 14 16 7 7 13 19 18 7 9 2 10 1 5 7 15 1 18 20 9 12 3 18 17 12 10 15 17 14 17 13 14 12 22 6 3 1 12 8 13 15 15 9 18 21 6 12 6 25 16 7 8 8 18 15 16 18 10 12 16 6 12 17 
6 14 9 14 11 5 7 4 13 6 12 4 13 10 9 5 9 10 15 12 16 6 9 13 7 7 12 8 13 9 6 12 7 7 16 15 5 11 9 12 6 8 9 7 8 4 5 4 5 11 10 8 7 8 6 9 15 13 10 10 6 8 9 4 14 14 7 13 3 5 14 16 2 3 5 3 7 13 14 7 6 9 12 7 5 12 8 5 3 6 2 12 10 9 9 3 4 4 9 6 5 4 13 5 14 6 14 13 10 5 4 11 8 2 15 10 12 14 5 5 2 4 11 9 18 10 13 11 14 10000 7 14 10 4 2 9 14 2 4 3 16 7 9 5 7 15 8 13 14 6 14 16 7 4 14 8 10 5 5 12 6 5 6 12 13 13 9 9 16 3 5 10 9 12 14 10 9 14 3 2 7 18 10 14 7 15 13 8 9 8 8 5 13 14 5 10 15 3 9 8 17 
11 16 14 11 7 10 4 6 17 11 7 4 17 14 14 11 14 13 19 8 13 7 12 16 4 12 7 6 8 15 2 14 12 3 14 14 9 7 14 8 12 4 15 4 13 9 10 8 8 11 10 9 13 9 5 8 12 14 16 4 11 4 13 6 10 18 12 11 10 2 14 20 7 9 9 9 2 17 18 12 12 3 11 12 7 10 3 7 9 3 8 15 15 3 5 5 8 8 14 12 11 10 15 7 14 2 14 17 5 10 8 12 4 6 13 14 15 18 11 9 8 4 6 15 16 13 8 8 18 7 10000 11 15 8 6 7 18 8 10 5 14 11 15 10 2 12 13 14 18 8 18 19 12 4 18 3 5 10 6 16 2 3 7 13 10 10 15 4 15 5 6 4 13 16 18 10 11 13 5 5 13 15 4 17 7 18 7 13 14 11 14 4 11 12 6 11 15 6 14 14 15 
19 12 18 1 5 18 15 11 17 19 6 11 16 13 17 17 17 12 18 4 2 18 12 12 8 20 15 6 4 22 13 11 21 13 5 6 18 4 22 4 20 8 21 15 16 18 18 12 10 6 7 9 20 8 9 7 2 9 18 11 15 14 14 11 4 16 20 2 16 12 7 17 15 17 13 15 10 16 18 20 17 10 3 20 17 4 12 17 15 9 15 14 18 10 15 14 12 17 22 19 18 16 11 10 8 13 8 15 15 19 17 9 15 12 2 16 13 17 17 19 14 13 16 19 5 12 4 3 17 14 11 10000 19 12 15 6 17 15 17 12 5 12 19 18 13 1 16 9 17 11 18 16 15 11 18 9 9 14 10 15 12 13 9 8 3 2 22 7 7 12 10 13 13 15 18 6 11 5 13 13 18 5 12 14 8 14 15 22 17 11 18 15 3 3 16 8 8 15 17 21 5 
9 11 2 18 17 9 16 11 6 8 19 12 7 7 2 6 3 8 8 18 20 14 7 11 14 10 22 14 19 8 15 10 11 17 17 17 12 17 10 19 9 16 7 16 3 10 9 8 9 14 12 10 8 12 12 12 19 12 2 19 5 18 5 10 20 9 10 17 7 14 15 10 11 8 7 7 16 6 7 8 5 17 16 11 13 16 18 13 8 14 9 8 2 18 18 13 8 12 11 7 8 6 11 11 15 15 14 8 20 10 10 11 17 10 19 4 9 8 6 12 8 13 20 2 21 8 19 17 7 10 15 19 10000 8 11 14 7 8 8 11 19 7 1 8 16 19 4 12 8 9 7 11 5 12 7 16 19 6 11 7 15 14 11 13 17 18 8 16 17 11 10 19 6 6 6 13 8 16 12 12 4 21 19 11 12 11 22 10 2 8 2 15 17 17 14 11 15 12 2 6 20 
8 10 7 12 10 7 10 3 10 8 12 5 10 7 7 5 6 6 11 11 14 10 5 10 7 9 15 7 12 11 8 8 10 10 13 13 8 10 11 11 8 8 10 10 5 7 8 1 2 8 7 5 9 5 5 6 13 9 8 11 4 11 5 3 13 11 9 11 5 7 11 12 5 6 1 4 9 9 11 8 6 10 10 10 8 9 10 9 4 6 5 8 8 10 12 7 1 8 11 8 7 5 9 3 11 8 10 10 13 8 7 7 11 4 13 6 9 11 6 9 3 7 14 8 15 7 12 10 10 4 8 12 8 10000 6 7 10 4 6 4 14 4 8 6 9 13 5 9 11 2 11 12 4 5 11 9 11 3 3 9 9 8 4 9 11 11 10 9 12 4 3 12 5 8 10 8 5 11 5 5 6 15 12 11 5 11 15 10 7 4 7 9 11 11 9 7 12 7 6 9 15 
5 16 10 15 11 4 5 5 14 6 12 4 15 12 10 6 11 12 17 13 17 4 11 15 8 6 11 9 13 9 5 13 7 6 17 17 3 11 8 13 6 8 9 6 10 4 5 5 7 13 11 10 7 10 7 10 16 15 12 9 8 7 10 5 15 16 7 14 5 5 15 18 1 4 7 5 7 14 16 7 7 8 14 6 3 13 8 3 4 6 3 14 12 9 8 2 6 3 8 7 5 6 15 7 16 5 15 15 9 4 3 13 7 3 16 11 14 16 6 4 4 3 10 10 19 12 13 12 15 2 6 15 11 6 10000 10 15 3 5 4 17 9 11 5 6 16 9 15 16 7 16 18 8 4 16 8 10 7 6 14 6 4 7 14 14 14 9 9 17 4 6 9 11 13 15 12 10 15 3 2 8 19 9 16 8 17 11 8 10 9 9 4 14 15 3 12 17 1 10 9 18 
14 11 13 6 4 13 10 5 14 13 6 6 13 10 13 12 12 8 15 5 8 13 8 10 3 15 13 1 6 17 8 8 15 9 8 8 12 3 17 5 14 4 16 11 11 12 13 7 5 4 4 4 15 3 3 2 7 8 14 9 10 10 10 5 7 13 15 5 10 7 7 15 9 11 7 10 6 13 14 14 12 7 5 15 11 4 9 12 10 5 10 11 13 8 11 9 7 12 17 14 13 11 9 4 8 8 8 12 12 13 12 7 11 7 7 11 10 14 12 13 9 8 13 14 10 9 5 4 14 9 7 6 14 7 10 10000 14 10 12 7 8 8 14 12 9 7 11 8 14 5 15 14 10 6 14 5 7 9 5 12 8 9 3 7 5 5 16 4 8 6 5 10 9 12 14 4 7 6 7 8 12 10 10 12 3 12 13 16 12 7 13 10 5 6 11 5 9 10 12 15 9 
15 6 7 17 17 15 19 13 2 14 19 15 2 5 6 11 6 6 2 18 19 19 6 7 15 16 24 14 19 15 18 7 17 20 15 14 17 17 16 18 15 17 13 20 6 15 15 11 11 12 11 10 14 11 14 12 17 9 5 21 8 21 5 13 20 3 16 15 12 17 12 4 15 13 9 11 18 2 1 14 10 19 14 17 17 14 20 18 12 16 13 4 5 20 22 16 11 16 17 13 14 11 7 12 11 18 11 3 23 16 15 9 21 13 17 4 5 2 11 17 12 16 23 8 18 6 19 17 1 14 18 17 7 10 15 14 10000 13 13 14 16 7 7 13 19 18 7 9 2 10 1 5 7 15 1 18 20 9 12 3 18 17 12 10 15 17 14 17 13 14 12 22 6 3 1 12 8 13 15 15 9 18 21 6 12 5 25 16 7 8 8 18 15 15 18 10 12 16 6 12 17 
5 14 7 15 12 4 8 5 12 4 13 5 12 10 8 3 8 10 14 13 17 7 9 13 9 6 14 9 14 8 8 11 7 9 16 16 5 12 7 14 5 9 7 9 7 3 4 4 6 12 10 8 6 9 7 9 16 13 9 11 5 10 8 5 15 14 6 14 2 7 14 15 3 2 5 2 9 12 13 5 5 10 13 6 5 13 10 6 1 7 1 11 9 11 10 5 4 4 8 5 3 3 13 6 14 7 14 12 12 4 3 11 9 3 16 9 12 14 4 5 2 5 12 8 19 10 14 13 13 2 8 15 8 4 3 10 13 10000 3 4 17 7 8 3 8 16 7 13 14 6 13 15 6 5 13 10 12 4 6 11 8 6 7 13 14 14 7 10 16 4 5 11 8 11 13 11 8 14 4 4 5 19 11 14 8 15 14 7 7 7 7 7 14 15 6 11 16 4 7 7 18 
3 15 6 17 14 2 9 7 12 2 15 7 13 11 7 2 8 11 14 15 19 7 10 15 11 4 16 12 16 5 9 13 5 11 18 18 5 14 5 16 3 12 5 10 7 3 2 6 8 14 12 10 3 11 9 11 18 15 9 13 6 11 8 7 18 14 4 16 2 9 16 16 4 1 6 3 11 12 13 3 4 12 15 5 6 15 12 6 3 10 3 12 8 13 12 6 6 5 6 3 1 2 14 8 16 9 16 13 13 3 3 13 11 6 19 9 13 14 2 5 3 7 14 7 21 11 16 15 13 4 10 17 8 6 5 12 13 3 10000 6 19 8 7 1 10 18 7 15 14 8 13 16 6 7 13 12 14 5 8 12 10 8 9 14 16 16 5 12 18 6 8 13 9 11 13 13 10 16 6 6 4 21 13 15 10 15 16 5 7 9 6 8 16 17 7 12 17 6 7 5 20 
8 13 9 12 9 7 6 2 13 8 10 2 13 10 10 7 10 9 15 10 14 7 9 13 5 9 12 6 10 11 5 11 9 7 14 14 6 9 11 10 8 6 11 7 8 6 7 3 4 9 8 7 9 7 4 7 13 12 11 9 7 8 9 2 12 14 9 11 5 4 12 16 3 5 5 5 6 13 14 9 7 7 10 9 6 10 7 6 4 4 4 12 11 8 9 3 3 6 11 8 7 6 12 4 13 5 12 13 10 7 6 10 8 1 13 10 12 14 7 7 4 4 10 10 16 10 11 9 14 3 5 12 11 4 4 7 14 4 6 10000 14 7 10 7 6 13 8 12 14 4 14 15 7 2 14 6 9 6 3 12 5 4 4 11 11 11 11 7 14 1 3 9 9 11 14 9 8 12 2 2 8 16 9 14 5 14 12 10 9 7 9 5 11 12 6 9 14 4 9 10 15 
21 10 18 4 9 20 18 13 16 21 10 14 15 13 18 18 17 11 16 8 4 21 12 10 11 22 19 9 8 24 16 10 23 17 2 2 20 8 24 8 21 11 23 18 16 20 20 14 12 6 7 9 22 9 11 8 4 8 18 15 15 18 14 13 8 15 22 4 18 15 5 15 17 18 14 17 14 15 16 21 18 14 4 23 19 5 16 20 17 12 17 13 18 14 19 17 14 20 24 21 20 18 9 11 5 16 6 14 19 21 19 8 18 15 3 15 12 16 19 21 16 16 19 19 3 11 8 7 16 16 14 5 19 14 17 8 16 17 19 14 10000 13 19 19 16 4 16 7 15 12 17 14 15 14 16 12 13 15 12 14 15 16 11 6 4 6 23 11 3 14 12 17 13 14 16 6 11 3 15 16 18 2 16 11 10 12 19 23 18 12 18 18 4 3 19 8 5 18 17 22 2 
11 7 6 12 11 10 13 6 7 10 13 8 7 3 6 7 5 3 8 12 14 13 2 7 9 12 18 8 13 12 12 5 13 13 11 11 11 11 13 12 11 10 11 13 4 10 10 4 4 7 6 4 10 5 7 6 13 7 7 14 3 14 3 6 14 8 12 11 7 10 9 9 9 8 3 6 11 6 8 10 7 13 10 12 12 9 13 12 6 9 8 5 6 13 15 10 4 11 13 9 9 6 6 5 9 11 8 6 16 11 10 5 14 7 13 4 5 8 7 12 6 10 17 7 15 4 13 11 7 7 11 12 7 4 9 8 7 7 8 7 13 10000 7 9 12 13 4 7 8 3 8 9 3 8 8 11 14 4 6 5 12 11 6 7 10 12 12 11 11 7 5 15 2 5 7 7 2 10 8 9 6 14 15 7 6 8 18 12 6 2 6 12 10 11 12 5 10 10 5 10 14 
9 11 1 18 17 8 15 10 6 7 19 12 8 7 2 5 3 9 9 18 20 14 8 12 14 9 21 14 19 8 15 10 10 16 18 18 11 17 9 18 8 15 6 16 3 9 9 8 9 14 12 10 7 12 12 12 19 13 3 18 5 17 5 10 20 9 9 17 6 14 15 11 10 7 7 6 16 7 8 7 4 17 16 10 12 16 17 13 7 13 8 8 3 17 18 12 8 11 10 6 7 5 12 10 15 14 14 9 19 9 10 11 17 10 19 5 10 9 5 11 7 12 20 1 21 9 19 17 7 9 15 19 1 8 11 14 7 8 7 10 19 7 10000 7 15 20 4 13 9 9 8 12 5 12 8 16 18 5 10 8 15 13 11 13 17 18 7 16 17 10 10 18 6 7 7 13 9 16 11 11 3 21 18 11 12 12 21 9 2 8 2 14 17 17 13 12 16 11 3 5 20 
3 15 7 18 15 2 10 8 12 2 16 8 13 11 7 3 8 11 14 16 20 7 10 15 11 4 16 12 16 5 10 13 4 11 19 18 5 15 5 16 3 12 5 10 7 3 2 6 8 14 13 11 3 11 10 12 18 15 9 14 6 12 9 7 18 14 4 17 2 9 16 16 5 2 7 3 11 12 13 3 4 13 16 4 6 15 12 6 3 10 3 12 8 13 12 7 6 5 5 2 1 3 14 9 17 9 16 13 13 3 3 13 11 6 19 9 13 14 2 4 4 7 14 7 21 12 16 15 13 5 10 18 8 6 5 12 13 3 1 7 19 9 7 10000 10 19 7 15 14 8 13 16 7 8 14 12 14 5 8 12 10 8 9 15 16 17 5 13 18 7 8 13 9 12 13 13 10 17 7 6 4 21 13 15 10 16 16 4 7 9 6 8 16 17 7 13 18 6 7 4 20 
11 18 15 13 8 10 2 7 18 11 8 5 18 15 15 11 15 14 20 10 15 6 14 17 6 11 6 8 10 14 1 15 12 1 16 16 8 9 13 10 11 5 15 3 14 9 10 9 9 12 11 11 13 10 7 10 14 16 17 4 12 2 14 7 11 19 12 13 10 2 15 21 6 9 10 10 3 18 19 12 12 4 12 11 6 12 2 6 9 5 8 17 16 4 3 4 9 7 13 12 10 11 16 8 16 2 16 18 4 9 8 14 3 6 15 15 17 20 11 9 9 3 5 15 17 15 10 10 19 7 2 13 16 9 6 9 19 8 10 6 16 12 15 10 10000 14 13 16 20 9 19 20 12 5 19 5 6 11 7 17 1 3 8 14 12 11 14 6 17 6 8 3 14 17 19 12 12 15 5 5 13 17 4 18 9 19 6 13 15 12 14 3 13 13 5 13 17 5 15 14 17 
20 13 19 2 6 19 16 11 18 20 7 12 17 14 18 18 17 12 18 5 2 18 13 12 9 21 16 7 5 23 14 12 22 14 5 6 19 5 23 5 21 9 22 16 17 19 19 13 11 6 8 10 21 8 9 8 1 10 19 12 16 15 15 12 4 17 21 3 17 13 7 18 16 18 13 16 11 17 18 21 18 11 4 21 17 4 13 18 16 10 16 15 19 11 16 15 13 18 23 20 19 17 11 11 8 14 8 16 15 20 18 10 15 13 2 16 14 18 18 20 15 14 16 20 4 13 5 4 18 15 12 1 19 13 16 7 18 16 18 13 4 13 20 19 14 10000 16 10 18 12 19 16 15 12 18 9 10 15 11 16 13 14 10 8 3 3 23 8 7 13 11 14 14 16 18 7 12 5 14 14 18 4 13 14 9 15 16 22 18 12 19 15 3 3 17 9 8 16 18 22 4 
9 9 3 15 14 9 14 8 6 8 16 9 7 5 2 5 2 6 8 15 17 13 5 9 11 10 19 11 16 10 13 7 11 14 15 14 11 13 11 15 9 13 8 14 1 9 9 6 6 11 9 7 8 8 9 9 16 10 4 16 2 15 2 8 17 8 10 14 6 12 12 9 9 7 4 5 13 6 7 8 4 14 13 11 11 13 15 12 6 11 7 6 3 15 16 10 5 10 11 7 8 5 9 7 12 12 11 7 17 10 9 8 15 8 16 3 7 8 5 11 6 11 18 4 18 6 16 14 7 8 13 16 4 5 9 11 7 7 7 8 16 4 4 7 13 16 10000 10 8 6 7 10 2 9 7 13 16 3 8 6 13 12 8 10 14 15 9 13 14 8 7 16 3 5 7 10 6 13 9 9 4 18 16 9 9 9 19 10 2 5 3 12 14 14 12 9 13 10 2 7 17 
17 4 12 9 11 16 17 10 9 16 13 12 8 6 11 13 10 5 9 11 10 18 6 3 10 18 20 9 12 18 15 3 19 16 6 6 17 10 19 11 17 12 17 17 10 16 16 10 8 5 5 6 17 6 9 6 9 1 12 16 10 17 8 10 12 8 18 7 13 14 3 8 14 14 9 12 14 8 10 17 13 14 6 19 17 7 16 17 13 11 13 6 11 15 18 14 10 17 20 16 15 13 2 8 3 15 2 7 19 17 16 2 18 12 9 9 5 9 14 18 12 14 20 13 9 5 11 9 9 13 14 9 12 9 15 8 9 13 15 12 7 7 13 15 16 10 10 10000 9 8 10 7 9 12 9 13 15 10 9 7 15 15 8 2 7 9 18 11 5 12 9 17 7 7 9 5 5 5 13 13 13 9 17 5 8 5 20 19 11 6 12 16 7 7 17 3 4 15 11 16 9 
16 5 8 17 17 16 20 13 3 15 19 15 2 5 8 12 7 6 1 18 18 20 6 6 16 17 25 14 19 16 19 6 18 20 14 14 18 17 17 18 16 17 14 21 7 16 16 12 11 12 11 10 15 11 14 12 17 8 7 21 9 21 6 13 20 1 17 15 13 18 11 2 16 14 10 12 18 2 2 15 11 20 14 18 18 14 21 19 13 16 14 4 7 20 22 17 11 17 18 14 15 12 7 12 11 19 10 2 23 17 16 8 21 14 17 5 4 1 12 18 13 17 24 9 17 6 18 17 2 14 18 17 8 11 16 14 2 14 14 14 15 8 9 14 20 18 8 9 10000 11 2 3 8 15 2 18 20 10 13 3 19 18 13 10 15 17 15 17 13 14 12 22 6 3 2 12 8 13 15 16 11 17 22 5 13 4 25 17 8 8 9 19 15 15 19 10 11 17 7 14 17 
10 9 8 10 9 9 10 3 10 9 10 5 9 6 8 7 7 5 11 10 12 11 5 9 6 11 15 5 10 12 9 7 12 10 11 11 10 8 13 10 10 7 11 11 6 9 9 3 1 7 5 3 10 4 4 4 11 8 9 11 5 11 6 3 12 11 11 9 6 7 9 12 7 7 2 6 8 9 11 10 7 10 8 12 9 8 10 10 6 6 6 8 9 10 12 7 3 9 13 9 9 6 8 2 9 8 9 9 13 10 9 6 11 4 12 7 8 11 7 10 5 7 14 9 14 6 10 9 10 6 8 11 9 2 7 5 10 6 8 4 12 3 9 8 9 12 6 8 11 10000 11 12 5 5 11 8 11 4 3 8 9 8 3 7 9 10 12 8 11 4 2 12 5 8 10 6 4 9 6 6 7 14 12 10 3 10 15 12 8 3 8 9 9 10 10 5 10 8 7 11 13 
15 7 7 18 18 15 20 13 2 14 20 15 3 5 7 11 6 7 2 19 19 19 7 7 16 16 25 15 19 15 19 7 17 20 15 15 17 17 16 19 15 18 13 20 7 15 15 11 11 13 12 11 14 12 14 13 18 10 5 21 8 21 6 13 20 3 16 16 12 17 12 4 15 13 10 12 19 2 1 14 10 20 15 17 18 15 21 18 12 16 14 4 6 20 22 17 11 17 17 13 14 11 8 12 12 18 11 3 23 16 16 9 21 14 18 5 6 2 11 17 12 17 24 8 19 6 19 17 1 14 18 18 7 11 16 15 1 13 13 14 17 8 8 13 19 19 7 10 2 11 10000 5 8 15 1 18 21 9 13 3 19 18 13 11 16 18 14 18 14 14 13 22 6 3 1 13 8 14 15 16 10 19 22 6 13 6 25 16 7 9 8 19 16 16 18 10 13 17 6 12 18 
18 4 11 15 17 18 21 14 6 17 19 16 4 6 10 14 9 7 4 17 17 22 7 5 16 19 26 14 18 18 20 6 20 21 12 12 20 16 20 18 18 17 17 22 10 18 18 13 12 11 11 10 17 11 15 12 16 7 10 22 11 22 8 14 19 3 19 14 15 18 10 2 17 16 12 14 19 5 5 18 13 20 13 20 20 13 21 20 15 17 16 4 10 21 23 18 13 19 20 16 17 14 6 13 9 20 8 4 24 19 18 8 22 15 15 8 4 4 15 20 14 18 25 12 15 6 18 16 5 16 19 16 11 12 18 14 5 15 16 15 14 9 12 16 20 16 10 7 3 12 5 10000 10 16 5 18 21 12 14 5 20 19 13 9 14 16 18 17 11 15 13 23 8 5 5 11 8 11 17 17 13 15 23 3 13 2 26 20 11 9 12 20 14 14 20 9 9 19 10 16 15 
9 9 4 14 13 8 13 7 6 8 15 8 7 5 3 5 3 6 9 14 16 12 4 9 10 10 18 10 15 10 12 7 11 13 14 14 10 13 10 14 9 12 8 13 2 8 8 4 5 10 8 6 8 8 8 8 15 9 5 15 1 14 3 7 16 8 10 13 5 11 11 10 8 6 3 4 12 6 8 8 4 13 12 11 11 12 14 11 5 10 6 6 4 14 15 9 4 10 11 7 7 4 9 6 11 11 11 7 16 9 9 8 14 7 15 3 7 8 5 10 5 10 17 5 17 6 15 13 7 7 12 15 5 4 8 10 7 6 6 7 15 3 5 7 12 15 2 9 8 5 8 10 10000 8 8 12 15 2 7 6 12 11 7 10 13 14 9 12 13 7 6 15 3 6 7 9 5 12 8 8 4 17 15 9 8 10 18 10 3 4 4 11 13 13 11 8 12 9 3 7 16 
9 14 11 12 8 7 6 3 14 9 9 1 14 11 11 8 11 10 16 9 13 7 10 13 4 10 10 6 10 12 4 11 10 6 14 14 7 8 12 9 9 5 12 6 10 7 8 4 5 9 8 7 10 7 4 7 12 12 13 7 8 7 10 3 11 15 10 11 6 3 12 17 4 6 6 6 5 14 15 10 9 6 10 10 6 9 6 6 5 3 5 13 12 6 7 3 5 6 12 9 8 7 12 4 13 4 13 14 8 8 6 10 7 2 13 11 13 15 8 8 5 3 9 12 16 11 10 9 15 4 4 11 12 5 4 6 15 5 7 2 14 8 12 8 5 12 9 12 15 5 15 16 8 10000 15 5 7 7 3 13 4 3 4 11 10 10 12 6 14 2 4 7 10 12 15 9 8 12 2 2 9 15 7 14 5 15 10 11 11 8 10 5 11 11 6 9 14 4 10 11 15 
15 6 8 17 18 15 20 13 2 14 20 15 2 5 7 11 6 7 1 18 19 19 7 7 16 16 25 15 19 15 19 7 17 20 15 14 17 17 16 19 15 17 13 20 7 15 15 11 11 12 12 11 14 12 14 12 18 9 6 21 9 21 6 13 20 3 16 16 12 17 12 3 15 13 10 12 19 2 1 14 10 20 15 17 18 15 21 18 12 16 14 4 6 20 22 17 11 17 17 13 14 11 7 12 11 18 11 3 23 16 16 9 21 14 18 5 5 1 12 17 12 17 24 8 18 6 19 17 1 14 18 18 7 11 16 14 1 13 13 14 16 8 8 14 19 18 7 9 2 11 1 5 8 15 10000 18 21 9 13 3 19 18 13 11 16 17 14 18 14 14 12 22 6 3 1 12 8 14 15 16 10 18 22 6 13 5 25 16 7 8 8 19 16 16 19 10 12 17 7 13 17 
13 15 15 9 4 12 7 6 17 13 4 5 17 13 15 12 15 12 19 5 10 10 12 14 3 14 8 5 6 17 5 13 14 5 12 12 11 5 16 6 14 1 16 7 14 11 12 8 7 9 8 8 15 7 4 7 10 13 16 4 12 6 13 6 7 18 14 9 11 4 12 19 8 11 9 11 2 17 18 14 13 2 8 14 9 8 4 9 10 3 9 15 16 3 7 7 9 10 16 14 12 12 14 6 13 5 13 16 7 12 10 11 7 7 10 14 15 18 13 12 9 6 8 16 13 13 6 6 18 8 3 9 16 9 8 5 18 10 12 6 12 11 16 12 5 9 13 13 18 8 18 18 12 5 18 10000 3 11 6 16 4 6 6 11 8 7 16 2 13 6 6 5 13 15 18 8 11 11 6 7 14 13 5 16 6 17 8 15 15 10 15 7 9 9 9 10 13 8 14 16 13 
15 17 18 9 5 14 7 9 20 15 4 7 19 16 18 15 17 15 21 6 11 11 15 17 5 16 7 7 5 19 6 15 16 6 13 13 13 6 18 5 16 4 19 7 16 13 14 11 10 11 10 11 17 10 7 9 10 15 19 3 14 6 16 9 7 20 16 10 13 6 14 21 11 13 12 13 4 19 21 16 16 2 10 16 11 9 4 11 12 5 12 17 19 2 7 9 11 12 18 16 15 14 16 9 14 6 14 19 6 14 13 14 7 9 11 17 17 21 15 13 12 8 7 18 14 15 6 6 20 10 5 9 19 11 10 7 20 12 14 9 13 14 18 14 6 10 16 15 20 11 21 21 15 7 21 3 10000 14 9 18 5 7 8 13 9 8 19 4 14 9 9 5 15 18 20 10 13 12 8 9 16 14 4 18 8 19 7 17 17 13 17 8 10 10 10 12 15 10 17 18 13 
8 10 4 14 12 7 11 5 8 7 14 7 9 6 5 4 4 6 10 13 16 11 5 10 9 9 17 9 14 9 10 8 9 12 14 14 9 12 10 14 7 10 8 12 3 7 7 3 5 10 8 6 7 7 7 8 15 10 6 14 1 13 4 5 15 10 8 13 4 9 12 11 6 5 2 3 11 8 9 7 4 12 12 9 9 11 12 9 4 9 5 8 6 13 14 8 3 8 10 6 6 3 9 6 12 10 11 9 15 8 7 8 13 5 15 5 8 10 4 9 3 8 15 5 17 7 14 12 9 5 10 14 6 3 7 9 9 4 5 6 15 4 5 5 11 15 3 10 10 4 9 12 2 7 9 11 14 10000 6 8 11 9 6 10 13 13 8 11 14 6 5 14 5 7 9 9 5 12 7 7 4 17 14 10 7 11 17 9 4 4 4 10 13 13 10 8 13 8 4 7 16 
10 11 9 10 7 9 8 1 12 9 9 3 12 8 9 8 9 7 13 8 12 10 7 10 4 11 13 4 9 13 7 8 11 8 11 11 9 7 12 9 10 5 12 9 8 8 9 3 2 7 6 4 11 4 2 4 11 9 11 9 6 9 8 2 11 13 11 9 6 5 10 14 6 7 4 6 6 11 13 10 8 7 8 11 8 8 8 8 6 4 6 10 10 8 10 6 3 8 13 10 8 7 10 1 10 6 10 11 11 9 8 7 9 3 11 9 10 13 8 9 5 6 12 10 14 8 9 8 12 5 6 10 11 3 6 5 12 6 8 3 12 6 10 8 7 11 8 9 13 3 13 14 7 3 13 6 9 6 10000 10 7 6 2 8 9 9 12 6 11 3 1 10 7 10 12 6 6 10 4 5 8 14 10 12 3 12 13 12 9 5 9 7 9 10 8 6 11 6 9 11 13 
14 5 7 15 15 14 18 11 3 13 17 13 2 3 6 10 5 4 4 16 16 18 4 5 13 15 23 12 17 14 16 5 16 18 13 12 16 14 16 16 14 15 13 18 6 14 14 9 9 10 9 8 13 9 12 10 15 7 6 19 7 19 4 11 18 3 15 13 11 15 10 4 13 12 8 10 16 2 3 13 9 17 12 16 16 12 18 17 11 14 12 2 6 18 20 15 9 15 16 12 13 10 5 10 9 16 9 2 21 15 14 6 19 12 15 4 3 3 10 16 10 15 22 8 16 3 16 14 3 12 16 15 7 9 14 12 3 11 12 12 14 5 8 12 17 16 6 7 3 8 3 5 6 13 3 16 18 8 10 10000 16 16 10 8 13 15 14 15 11 12 10 20 4 1 3 10 6 11 13 14 9 16 20 4 10 5 23 16 6 6 8 17 13 13 17 8 10 15 6 12 15 
11 17 14 12 8 9 3 6 18 11 8 4 18 14 15 11 14 14 19 9 14 6 13 16 5 12 7 7 9 14 1 14 12 2 15 15 8 8 13 9 11 5 14 3 13 9 10 8 8 12 10 10 12 9 6 9 13 15 16 4 11 3 13 6 11 19 12 12 9 2 15 20 6 9 9 9 3 17 19 12 12 3 12 11 6 11 3 6 9 4 7 16 16 3 4 4 8 7 13 12 10 10 15 7 15 1 15 17 5 9 8 13 3 6 14 15 16 19 11 9 8 3 6 15 17 14 9 9 18 6 2 12 15 9 6 8 18 8 10 5 15 12 15 10 1 13 13 15 19 9 19 20 12 4 19 4 5 11 7 16 10000 2 7 14 11 11 14 5 16 5 7 4 13 16 18 11 12 14 4 4 12 16 4 18 8 18 7 13 14 11 14 3 12 13 6 12 16 5 14 14 16 
9 17 13 14 9 8 3 6 17 9 9 4 17 14 13 9 13 13 19 10 15 5 12 16 6 10 8 8 11 12 2 14 10 3 16 16 6 10 11 11 9 6 13 3 12 7 8 7 8 12 11 10 11 10 6 10 14 15 15 6 10 4 12 5 12 18 10 13 8 2 15 20 4 7 8 8 4 16 18 10 10 5 13 9 4 12 4 4 7 4 6 15 14 5 5 2 7 5 11 10 8 9 15 7 16 2 15 17 6 7 6 13 4 5 15 14 16 18 9 7 7 2 7 13 18 14 11 10 17 5 3 13 14 8 4 9 17 6 8 4 16 11 13 8 3 14 12 15 18 8 18 19 11 3 18 6 7 9 6 16 2 10000 7 14 13 12 12 7 16 4 6 5 12 15 17 11 11 14 3 3 11 18 6 17 8 18 8 11 13 11 12 2 13 14 4 12 17 3 13 12 17 
11 10 10 9 7 10 9 2 12 11 8 4 11 8 10 9 10 7 13 7 11 11 7 10 4 12 13 3 8 14 7 8 13 9 10 10 10 6 14 8 11 5 13 10 8 10 10 4 2 6 4 3 12 3 2 3 9 8 11 9 7 10 8 3 10 12 12 8 8 6 8 14 7 8 5 7 6 11 13 12 9 8 7 12 9 6 9 10 7 4 7 10 11 8 11 7 4 10 14 11 10 8 9 1 9 7 9 11 12 11 9 6 10 5 10 9 9 13 9 11 6 7 12 11 12 8 8 6 12 6 7 9 11 4 7 3 12 7 9 4 11 6 11 9 8 10 8 8 13 3 13 13 7 4 13 6 8 6 2 10 7 7 10000 7 7 8 14 6 10 4 2 10 7 10 12 5 5 8 5 6 9 12 10 11 1 12 13 13 10 5 10 8 7 8 10 5 10 8 9 12 12 
17 5 13 7 9 16 16 9 11 16 11 11 9 7 12 13 11 5 11 9 9 17 6 5 9 18 19 7 10 19 14 4 19 15 5 5 17 8 19 10 17 10 18 16 10 16 16 9 7 3 4 5 17 5 8 5 7 2 12 15 10 16 9 9 11 9 18 6 13 13 2 10 13 14 9 12 12 10 11 17 13 13 5 18 16 5 15 16 12 10 13 7 12 14 17 14 9 16 19 16 15 13 4 8 2 14 2 8 18 17 15 3 17 11 7 9 6 10 14 17 12 14 19 14 8 6 10 8 10 12 13 8 13 9 14 7 10 13 14 11 6 7 13 15 14 8 10 2 10 7 11 9 10 11 11 11 13 10 8 8 14 14 7 10000 6 8 18 10 4 11 8 16 8 9 11 3 5 3 12 13 13 8 16 6 6 7 19 19 12 6 13 15 6 6 16 3 3 14 11 17 7 
18 11 16 2 5 17 14 9 15 17 7 10 14 11 16 15 15 10 16 4 4 17 10 10 7 19 15 5 5 21 12 9 20 13 5 5 17 4 21 5 18 7 20 14 14 16 17 11 9 4 5 7 19 6 7 5 3 8 16 11 13 14 12 10 5 14 19 1 14 11 5 15 14 15 11 14 10 14 16 18 16 10 1 19 16 2 12 16 14 9 14 12 16 10 15 13 11 16 21 18 17 15 9 8 6 12 6 13 15 17 16 7 14 11 3 14 11 15 16 17 13 12 16 17 6 10 5 3 15 13 10 3 17 11 14 5 15 14 16 11 4 10 17 16 12 3 14 7 15 9 16 14 13 10 16 8 9 13 9 13 11 13 7 6 10000 2 20 7 5 11 9 13 11 13 16 4 9 4 11 12 16 6 13 12 6 12 15 20 15 9 16 14 1 2 16 6 7 14 15 19 5 
18 12 17 2 3 17 13 9 17 18 5 10 16 13 17 16 16 11 18 3 4 16 12 12 6 19 14 5 3 21 11 11 20 12 6 6 16 3 21 3 18 6 20 13 15 16 17 11 9 5 6 8 19 7 7 6 3 9 18 10 14 13 14 10 3 16 19 3 15 10 7 17 14 15 12 14 9 16 17 19 16 9 3 19 15 3 11 15 14 8 14 14 17 9 14 13 11 16 21 18 17 15 11 8 8 11 8 15 13 17 16 9 13 11 4 15 13 17 16 17 13 12 14 18 7 12 3 2 17 13 10 2 18 11 14 5 17 14 16 11 6 12 18 17 11 3 15 9 17 10 18 16 14 10 17 7 8 13 9 15 11 12 8 8 2 10000 21 6 7 11 9 12 13 15 17 5 10 5 11 12 17 6 11 14 7 14 14 20 16 10 17 13 3 3 15 8 9 14 16 20 6 
4 17 7 22 19 5 13 12 13 4 20 12 14 13 8 5 9 14 15 20 24 10 13 17 15 4 20 16 21 1 14 16 5 15 22 22 8 19 3 20 4 16 1 14 9 6 5 10 12 18 16 14 2 15 14 16 22 18 9 18 9 16 11 11 22 16 4 21 6 13 20 17 9 6 10 7 16 13 14 3 5 17 20 5 10 19 16 10 7 14 8 14 9 17 16 11 10 8 4 3 5 6 17 13 20 13 19 15 17 6 7 16 15 10 23 11 15 15 5 7 8 12 18 7 25 14 21 19 14 9 15 22 8 10 9 16 14 7 5 11 23 12 7 5 14 23 9 18 15 12 14 18 9 12 14 16 19 8 12 14 14 12 14 18 20 21 10000 17 22 11 12 17 12 13 14 17 13 20 11 10 6 25 18 17 14 18 20 3 8 12 7 12 20 21 10 16 21 10 8 2 24 
14 14 15 7 3 13 8 6 17 14 3 6 16 13 15 13 15 12 18 4 9 11 12 14 2 15 9 3 4 17 6 12 15 7 11 11 12 3 17 4 14 1 17 8 13 12 13 8 7 8 7 8 15 7 4 6 8 12 16 5 12 7 13 6 6 17 15 7 11 5 11 18 9 12 9 11 3 16 18 15 14 4 7 15 10 6 6 11 11 3 10 14 16 4 8 8 9 11 17 15 13 12 13 6 11 6 11 16 8 13 11 10 8 7 9 14 14 17 13 13 10 7 9 16 12 12 4 4 17 9 4 7 16 9 9 4 17 10 12 7 11 11 16 13 6 8 13 11 17 8 18 17 12 6 18 2 4 11 6 15 5 7 6 10 7 6 17 10000 11 7 6 7 12 15 17 7 10 9 7 8 14 12 6 15 5 16 9 16 15 10 15 8 7 8 10 9 12 9 14 16 11 
20 8 16 6 10 19 18 12 14 19 12 14 12 10 16 17 15 9 13 9 7 20 10 7 11 21 20 9 10 22 16 7 22 17 2 2 20 9 23 10 20 12 21 19 14 19 19 13 11 5 6 8 20 8 11 8 6 5 16 16 14 18 12 12 10 12 21 5 16 15 2 12 17 17 12 16 14 13 14 20 17 15 5 22 19 6 16 19 16 13 16 10 16 15 19 16 13 19 23 19 19 16 7 11 3 16 3 11 19 20 19 6 19 14 6 13 9 13 17 20 15 16 20 17 5 9 10 8 13 16 15 7 17 12 17 8 13 16 18 14 3 11 17 18 17 7 14 5 13 11 14 11 13 14 14 13 14 14 11 11 16 16 10 4 5 7 22 11 10000 14 11 18 11 12 14 6 9 3 15 16 17 5 17 9 9 9 20 22 16 10 16 18 5 5 19 6 2 17 15 20 4 
8 13 10 12 9 7 6 2 13 8 10 2 13 10 10 7 10 9 15 10 14 7 9 13 5 9 11 6 10 11 5 11 10 7 14 14 7 9 11 10 8 6 11 7 9 6 7 3 4 9 8 7 9 7 4 7 13 12 11 8 7 8 9 2 12 14 9 11 5 4 12 16 3 6 5 5 6 13 14 9 8 7 10 9 6 10 7 6 4 4 4 12 11 7 8 3 4 6 11 8 7 6 12 4 13 5 12 13 9 7 6 10 8 1 13 10 12 14 7 7 4 3 10 10 16 10 10 9 14 3 5 12 11 4 4 6 14 4 6 1 14 7 10 7 6 13 8 12 14 4 14 15 7 2 14 6 9 6 3 12 5 4 4 11 11 11 11 7 14 10000 3 9 9 12 14 9 8 12 2 2 8 16 9 14 5 14 12 10 10 7 9 5 11 12 6 9 14 4 9 10 15 
10 11 9 10 8 8 9 1 11 9 9 3 11 8 9 7 9 7 13 9 12 10 7 10 4 11 13 5 9 12 7 8 11 8 11 11 9 7 12 9 10 6 12 9 8 8 9 3 2 7 5 4 10 4 3 4 11 9 10 9 6 9 7 2 11 12 11 9 6 6 10 14 6 7 4 6 7 11 12 10 8 8 8 11 8 8 9 9 5 4 6 10 10 8 10 6 3 8 13 10 8 7 9 1 10 7 10 11 11 9 8 7 10 3 12 8 10 13 8 9 5 6 12 10 14 8 9 8 12 5 6 10 10 3 6 5 12 5 8 3 12 5 10 8 8 11 7 9 12 2 13 13 6 4 12 6 9 5 1 10 7 6 2 8 9 9 12 6 11 3 10000 10 7 10 12 6 5 10 4 5 8 14 10 11 3 12 13 12 9 5 9 8 9 10 8 6 11 7 9 11 13 
13 20 18 14 9 12 4 10 21 14 8 7 21 18 18 14 18 17 23 10 15 8 16 19 8 14 3 9 10 17 4 17 14 3 17 17 10 10 16 10 14 6 17 4 17 12 13 11 11 14 13 13 15 12 9 12 14 18 19 2 15 2 17 9 11 22 14 14 13 5 17 23 9 12 13 13 4 21 22 15 15 4 13 13 8 13 2 8 12 7 11 19 19 3 3 7 12 10 16 15 13 14 18 10 18 5 18 20 2 12 11 16 3 9 15 18 19 22 14 11 12 6 3 18 18 17 10 10 22 10 4 13 19 12 9 10 22 11 13 9 17 15 18 13 3 14 16 17 22 12 22 23 15 7 22 5 5 14 10 20 4 5 10 16 13 12 17 7 18 9 10 10000 16 19 22 13 15 16 8 8 16 18 1 21 11 21 4 15 18 14 17 6 13 14 8 15 18 8 17 17 17 
11 6 6 13 13 11 15 7 5 10 15 10 5 2 5 7 4 3 7 13 15 14 2 6 10 12 19 10 14 12 13 4 13 15 12 12 13 12 13 14 11 12 11 15 3 11 11 6 6 8 7 5 11 7 9 7 14 7 6 16 4 16 2 8 15 6 12 12 8 12 9 8 10 9 4 7 13 5 6 11 7 14 11 13 13 10 15 13 8 11 9 4 5 15 17 11 6 12 14 10 10 7 6 7 9 13 8 5 18 12 11 5 16 8 14 3 4 6 8 13 7 12 18 7 15 3 14 12 6 9 13 13 6 5 11 9 6 8 9 9 13 2 6 9 14 14 3 7 6 5 6 8 3 10 6 13 15 5 7 4 13 12 7 8 11 13 12 12 11 9 7 16 10000 3 6 8 3 10 10 10 7 15 16 6 7 7 19 13 5 3 6 13 11 12 13 6 10 11 4 10 14 
14 5 6 15 15 13 17 10 3 12 17 12 2 2 6 10 5 4 4 16 17 17 4 6 13 14 22 12 17 14 16 5 15 18 13 13 15 14 15 16 13 15 12 18 5 13 13 9 8 10 9 8 13 9 11 10 15 7 5 19 6 19 3 10 18 3 14 13 10 15 10 5 13 11 7 10 16 2 3 13 9 17 12 15 16 12 18 16 10 13 11 2 5 17 19 14 8 15 15 12 12 9 6 10 10 16 9 2 20 14 14 6 19 11 15 3 3 3 10 15 10 14 21 7 16 3 16 14 3 12 16 15 6 8 13 12 3 11 11 11 14 5 7 12 17 16 5 7 3 8 3 5 6 12 3 15 18 7 10 1 16 15 10 9 13 15 13 15 12 12 10 19 3 10000 3 10 5 11 13 13 8 16 19 5 10 5 22 15 6 6 7 16 13 13 16 8 10 14 5 11 15 
15 7 7 17 18 14 20 13 1 14 20 15 2 5 6 11 6 6 2 18 19 19 6 7 16 16 25 15 19 14 18 7 16 20 15 15 17 17 16 19 15 17 13 20 6 15 15 11 11 12 12 10 14 11 14 12 18 9 5 21 8 21 6 13 20 3 15 16 12 17 12 4 15 13 9 11 18 2 1 14 10 19 15 17 17 15 20 18 12 16 13 4 5 20 22 16 11 16 16 13 13 11 8 12 12 18 11 3 23 15 15 9 21 13 18 4 5 2 11 17 12 17 23 8 18 6 19 17 1 14 18 18 6 10 15 14 1 13 13 14 16 7 7 13 19 18 7 9 2 10 1 5 7 15 1 18 20 9 12 3 18 17 12 11 16 17 14 17 14 14 12 22 6 3 10000 12 8 14 15 15 9 18 22 6 12 6 25 16 7 8 8 18 15 16 18 10 12 16 6 12 18 
15 8 13 6 6 14 13 7 12 15 8 9 11 8 12 12 11 6 13 7 8 15 7 7 6 17 16 4 8 18 11 6 17 12 6 6 15 5 18 7 16 7 17 14 10 14 15 8 6 1 1 4 16 3 6 2 6 5 13 12 10 13 9 7 8 11 16 4 12 10 4 12 11 13 8 11 9 11 13 16 13 10 3 17 14 3 12 14 11 8 11 9 13 11 14 11 8 14 18 15 14 12 6 6 5 11 5 10 15 15 14 4 14 9 6 10 8 12 13 15 10 11 16 14 8 7 7 5 12 10 10 6 13 8 12 4 12 11 13 9 6 7 13 13 12 7 10 5 12 6 13 11 9 9 12 8 10 9 6 10 11 11 5 3 4 5 17 7 6 9 6 13 8 10 12 10000 5 4 10 10 13 8 13 9 4 10 16 17 12 6 13 13 4 4 14 3 6 12 11 16 8 
12 6 8 10 10 11 13 6 7 11 12 8 7 3 7 9 6 2 9 11 12 14 2 5 8 13 18 7 12 14 12 3 14 13 10 9 13 9 15 11 12 10 13 14 6 11 12 5 4 6 5 3 12 4 7 5 11 5 8 14 5 14 4 6 13 8 13 9 8 11 7 9 10 10 4 8 11 7 8 12 8 12 8 14 13 8 13 13 8 9 9 5 8 13 15 11 5 12 15 11 11 8 5 5 7 12 6 6 16 12 11 3 14 8 11 5 5 8 9 13 7 11 17 9 13 3 12 10 8 9 11 11 8 5 10 7 8 8 10 8 11 2 9 10 12 12 6 5 8 4 8 8 5 8 8 11 13 5 6 6 12 11 5 5 9 10 13 10 9 8 5 15 3 5 8 5 10000 8 9 10 8 13 15 6 5 7 18 14 7 2 8 12 9 9 13 4 8 11 7 12 12 
19 8 15 5 8 17 16 10 14 18 10 12 12 10 15 16 14 8 14 7 6 18 9 7 9 20 18 7 8 21 14 7 20 15 2 2 18 7 21 8 19 10 20 16 13 17 18 11 9 3 5 7 19 6 9 6 5 5 15 14 13 16 11 11 8 12 20 3 15 13 2 13 15 16 11 14 12 13 14 19 16 13 3 20 17 4 14 17 14 11 15 10 15 13 17 15 11 17 21 18 17 15 7 9 3 14 4 11 17 18 17 6 17 12 5 12 9 13 16 19 13 14 18 16 5 9 8 6 13 14 13 5 16 11 15 6 13 14 16 12 3 10 16 17 15 5 13 5 13 9 14 11 12 12 14 11 12 12 10 11 14 14 8 3 4 5 20 9 3 12 10 16 10 11 14 4 8 10000 13 14 16 5 15 9 7 10 18 21 15 9 15 16 3 3 17 5 4 15 14 19 5 
7 14 10 13 9 6 5 3 14 8 10 2 14 11 11 7 11 11 16 10 15 6 10 14 6 9 11 7 11 11 4 12 9 6 15 15 6 9 10 11 8 6 11 6 9 6 7 4 5 10 9 8 9 8 5 8 14 13 12 8 8 7 10 3 12 15 9 12 5 3 13 17 3 5 6 5 5 14 15 8 8 7 11 8 5 11 7 5 5 4 4 13 12 7 7 2 5 5 10 8 7 6 13 5 14 4 13 14 9 7 5 11 7 2 14 11 13 15 7 6 4 2 9 11 17 11 11 10 15 3 5 13 12 5 3 7 15 4 6 2 15 8 11 7 5 14 9 13 15 6 15 17 8 2 15 6 8 7 4 13 4 3 5 12 11 11 11 7 15 2 4 8 10 13 15 10 9 13 10000 1 9 17 8 15 6 16 11 10 10 8 10 4 12 13 5 10 15 3 10 10 16 
7 15 10 13 10 6 5 4 14 7 10 2 15 12 11 7 11 11 16 11 15 5 10 14 6 8 10 8 11 11 4 12 8 6 16 15 5 10 10 11 8 7 11 5 10 5 6 5 6 11 10 8 9 8 5 9 14 14 12 8 8 6 10 4 13 16 8 13 5 3 14 17 2 5 6 5 6 14 16 8 8 7 12 8 4 11 7 4 5 5 4 13 12 7 7 2 5 4 10 8 6 6 14 6 14 4 14 14 8 6 4 12 6 2 15 11 14 16 7 6 4 2 9 11 17 12 11 10 15 2 5 13 12 5 2 8 15 4 6 2 16 9 11 6 5 14 9 13 16 6 16 17 8 2 16 7 9 7 5 14 4 3 6 13 12 12 10 8 16 2 5 8 10 13 15 10 10 14 1 10000 9 17 8 15 7 16 11 9 10 9 10 4 12 13 4 11 16 2 10 10 17 
6 12 3 17 15 6 13 8 8 5 17 9 10 8 4 2 4 9 11 16 19 11 8 12 12 7 19 12 17 6 12 11 8 14 17 17 8 15 7 17 6 13 5 13 4 6 6 6 8 13 12 10 5 11 10 11 18 13 5 16 4 14 6 8 19 11 7 16 4 11 15 12 7 5 6 4 13 9 10 5 1 15 15 8 10 15 15 10 4 11 6 9 5 15 15 9 6 8 8 4 5 3 12 9 15 12 14 10 16 7 7 11 14 7 18 6 10 11 2 8 5 10 17 3 20 9 17 15 9 7 13 18 4 6 8 12 9 5 4 8 18 6 3 4 13 18 4 13 11 7 10 13 4 9 10 14 16 4 8 9 12 11 9 13 16 17 6 14 17 8 8 16 7 8 9 13 8 16 9 9 10000 20 16 12 10 13 19 7 3 7 2 11 16 17 10 11 16 9 4 4 20 
23 12 20 5 9 22 19 14 18 22 10 15 16 15 19 20 19 13 18 8 4 22 14 12 12 24 19 10 9 25 17 12 25 18 4 4 22 9 26 9 23 12 24 19 18 21 22 15 13 8 9 11 23 10 12 10 4 10 20 16 17 18 16 15 8 16 24 5 19 16 7 17 19 20 15 19 14 17 18 23 20 15 6 24 21 7 17 21 18 14 19 15 20 15 19 18 16 21 26 22 22 19 11 13 7 17 8 16 19 22 21 10 19 16 3 17 14 17 21 23 18 18 20 21 1 13 8 8 18 18 15 5 21 15 19 10 18 19 21 16 2 14 21 21 17 4 18 9 17 14 19 15 17 15 18 13 14 17 14 16 16 18 12 8 6 6 25 12 5 16 14 18 15 16 18 8 13 5 17 17 20 10000 17 13 11 14 20 25 19 13 20 19 5 5 21 10 7 19 19 24 1 
14 19 18 13 8 13 5 9 21 14 7 7 21 17 18 14 18 16 23 9 14 9 16 19 7 15 4 9 9 18 4 17 15 3 17 17 11 9 16 9 14 6 18 5 17 12 13 11 11 13 13 13 16 12 8 11 14 17 19 2 15 3 17 9 10 22 15 13 13 5 16 23 9 12 13 13 4 20 22 15 15 3 13 14 9 12 2 9 12 6 11 19 19 3 4 7 12 10 16 15 13 14 18 10 17 5 17 20 3 12 11 16 4 9 14 18 19 22 15 12 12 7 4 18 17 17 9 10 21 10 4 12 19 12 9 10 21 11 13 9 16 15 18 13 4 13 16 17 22 12 22 23 15 7 22 5 4 14 10 20 4 6 10 16 13 11 18 6 17 9 10 1 16 19 22 13 15 15 8 8 16 17 10000 20 10 21 4 16 18 14 17 6 13 14 8 14 18 8 17 17 17 
17 2 11 13 15 17 19 12 6 16 17 14 4 5 10 13 9 5 5 15 14 20 6 2 14 18 23 12 16 18 18 4 19 19 10 10 18 14 19 15 17 15 16 20 9 17 17 11 10 9 9 8 17 9 12 10 13 5 10 20 10 20 7 12 17 4 18 12 14 16 7 4 16 15 10 13 17 5 6 17 13 18 11 19 18 11 19 19 13 15 15 3 9 18 21 17 11 18 20 16 16 13 3 11 7 18 6 3 22 18 17 5 20 14 13 7 2 5 14 19 13 17 23 12 13 4 16 14 6 14 17 14 11 11 16 12 6 14 15 14 11 7 11 15 18 14 9 5 5 10 6 3 9 14 6 16 18 10 12 4 18 17 11 6 12 14 17 15 9 14 11 21 6 5 6 9 6 9 15 15 12 13 20 10000 11 1 24 19 10 7 11 18 12 12 19 7 7 17 9 16 13 
12 10 11 8 6 11 10 3 12 12 8 5 11 8 11 10 10 7 13 7 10 12 7 9 4 13 13 3 8 15 8 7 14 9 9 9 11 5 15 7 12 5 14 10 9 11 11 5 3 5 3 3 13 2 2 2 9 8 12 9 8 10 8 4 9 12 13 7 9 7 8 13 8 9 5 8 7 11 13 12 10 8 6 13 10 5 9 11 8 5 8 9 11 8 11 8 5 11 15 12 11 9 8 2 8 8 8 11 12 12 10 6 11 5 9 9 9 13 10 12 7 8 13 12 11 7 7 6 12 7 7 8 12 5 8 3 12 8 10 5 10 6 12 10 9 9 9 8 13 3 13 13 8 5 13 6 8 7 3 10 8 8 1 6 6 7 14 5 9 5 3 11 7 10 12 4 5 7 6 7 10 11 10 11 10000 11 13 14 10 5 11 9 7 7 10 5 9 9 10 13 11 
18 2 11 14 15 17 20 13 6 17 17 15 4 5 10 14 9 5 5 16 15 21 6 3 15 19 24 13 17 18 18 4 20 20 10 10 19 14 19 16 18 16 17 21 9 17 17 12 11 9 9 9 17 10 13 10 14 5 10 20 10 21 8 13 17 3 19 12 14 17 8 4 16 15 11 14 18 5 6 17 13 19 11 20 19 12 20 19 14 15 15 4 10 19 22 17 12 18 20 16 16 14 4 12 7 18 7 3 23 18 17 6 21 14 14 7 3 5 14 19 14 17 24 12 14 5 16 14 6 15 18 14 11 11 17 12 5 15 15 14 12 8 12 16 19 15 9 5 4 10 6 2 10 15 5 17 19 11 12 5 18 18 12 7 12 14 18 16 9 14 12 21 7 5 6 10 7 10 16 16 13 14 21 1 11 10000 24 19 10 8 12 19 12 12 19 8 8 18 10 16 13 
16 23 21 16 11 15 7 13 24 16 10 10 24 21 21 17 21 20 26 12 16 10 19 22 10 16 1 12 11 20 7 20 16 6 19 19 13 12 18 11 16 9 20 6 20 14 15 14 14 17 16 16 18 15 12 15 16 20 22 5 18 5 20 12 12 25 17 16 15 8 19 26 12 15 16 16 7 24 25 17 18 6 16 15 11 15 5 11 15 10 14 22 22 6 4 10 15 12 18 18 16 16 21 13 20 7 20 23 3 14 13 19 5 12 17 21 22 25 17 13 14 9 3 21 20 20 12 12 25 13 7 15 22 15 11 13 25 14 16 12 19 18 21 16 6 16 19 20 25 15 25 26 18 10 25 8 7 17 13 23 7 8 13 19 15 14 20 9 20 12 13 4 19 22 25 16 18 18 11 11 19 20 4 24 13 24 10000 18 21 17 20 8 16 16 10 17 21 11 20 20 19 
3 19 9 22 18 4 11 11 15 3 19 11 16 15 10 6 11 15 17 19 23 8 14 19 15 2 17 16 20 3 12 17 2 13 23 22 6 18 1 20 2 15 4 12 10 5 4 10 12 18 16 15 3 15 14 16 22 19 11 16 10 14 12 11 22 18 2 21 6 12 20 19 7 5 10 7 14 15 16 3 7 15 20 3 8 19 15 8 7 13 7 16 11 16 14 9 10 6 1 4 4 6 18 13 21 12 20 17 15 4 5 17 13 10 23 12 17 17 6 5 8 10 15 9 25 15 20 19 16 8 13 22 10 10 8 16 16 7 5 10 23 12 9 4 13 22 10 19 17 12 16 20 10 11 16 15 17 9 12 16 13 11 13 19 20 20 3 16 22 10 12 15 13 15 16 17 14 21 10 9 7 25 16 19 14 19 18 10000 10 13 9 10 20 21 8 17 22 8 10 5 24 
9 10 1 17 16 9 15 9 6 8 17 11 7 6 1 5 2 7 8 17 19 13 6 10 13 9 20 13 18 8 14 9 10 15 16 16 11 15 10 17 8 14 7 15 2 9 9 7 8 13 11 9 8 10 11 11 18 11 2 17 3 16 4 9 19 8 9 16 6 13 14 10 9 7 6 6 15 6 7 8 4 16 15 11 12 14 16 12 6 12 8 7 2 16 17 11 7 11 10 6 7 5 10 9 14 14 13 8 18 10 9 10 16 9 18 4 8 8 5 11 7 12 19 2 20 7 17 16 7 9 14 17 2 7 10 12 7 7 7 9 18 6 2 7 15 18 2 11 8 8 7 11 3 11 7 15 17 4 9 6 14 13 10 12 15 16 8 15 16 10 9 18 5 6 7 12 7 15 10 10 3 19 18 10 10 10 21 10 10000 7 2 13 15 16 13 10 15 11 1 6 19 
11 7 7 11 10 10 13 5 8 10 12 8 7 4 7 8 6 3 9 11 13 13 2 6 8 12 17 7 12 13 11 5 13 13 10 10 12 10 13 11 11 9 12 13 5 10 11 4 3 6 5 3 11 4 6 5 12 6 8 13 4 14 4 6 13 8 12 10 7 10 8 10 9 8 3 7 11 7 8 11 7 12 9 13 12 8 13 12 7 8 8 5 7 12 15 10 4 11 14 10 10 7 6 4 8 11 7 7 15 11 10 4 14 7 12 5 6 8 8 12 6 10 16 8 14 4 12 10 8 8 11 11 8 4 9 7 8 7 9 7 12 2 8 9 12 12 5 6 8 3 9 9 4 8 8 10 13 4 5 6 11 11 5 6 9 10 12 10 10 7 5 14 3 6 8 6 2 9 8 9 7 13 14 7 5 8 17 13 7 10000 7 11 9 10 12 4 9 10 6 11 13 
8 11 1 18 16 8 14 9 7 6 18 10 8 7 2 4 3 8 9 17 20 13 7 11 13 8 20 13 18 7 13 10 9 15 17 17 10 16 9 17 7 14 6 15 3 8 8 7 8 13 12 10 6 11 11 11 18 12 3 17 4 16 5 9 19 10 8 16 5 12 14 11 9 6 6 5 14 7 8 7 3 16 15 10 11 15 16 11 6 12 7 8 3 16 16 11 7 10 9 5 6 4 11 9 14 13 14 9 18 9 9 11 16 9 19 5 9 9 4 10 6 11 18 2 20 8 18 16 8 8 14 18 2 7 9 13 8 7 6 9 18 6 2 6 14 19 3 12 9 8 8 12 4 10 8 15 17 4 9 8 14 12 10 13 16 17 7 15 16 9 9 17 6 7 8 13 8 15 10 10 2 20 17 11 11 12 20 9 2 7 10000 13 16 17 12 11 15 10 2 5 19 
8 18 13 15 10 7 2 7 17 9 10 5 18 15 14 10 14 14 19 12 16 4 13 17 7 9 8 9 12 12 3 15 9 3 17 17 5 11 11 12 9 7 12 2 13 7 8 8 9 13 12 11 10 11 7 11 16 16 15 6 11 4 13 7 13 19 9 14 8 3 16 20 4 7 9 8 5 17 19 10 11 6 14 8 3 13 5 3 7 6 6 16 15 6 4 3 8 5 11 10 8 9 16 8 17 2 17 18 6 7 6 14 3 5 16 14 17 19 10 6 7 2 6 14 19 15 12 12 18 5 4 15 15 9 4 10 18 7 8 5 18 12 14 8 3 15 12 16 19 9 19 20 11 5 19 7 8 10 7 17 3 2 8 15 14 13 12 8 18 5 8 6 13 16 18 13 12 16 4 4 11 19 6 18 9 19 8 10 13 11 13 10000 14 15 3 13 18 3 13 12 18 
18 10 16 2 5 17 14 9 15 18 7 11 14 11 16 16 15 10 16 5 4 17 10 10 7 19 16 5 5 21 12 9 20 13 4 4 17 4 21 5 18 8 20 15 14 17 17 11 9 4 5 7 19 6 8 5 3 7 16 12 13 14 12 10 6 14 19 1 15 11 5 15 14 15 11 14 10 14 16 18 16 10 1 19 16 2 12 16 14 9 14 12 16 11 15 13 11 16 21 18 17 15 9 8 6 12 6 13 15 18 16 7 15 11 3 14 11 15 16 18 13 13 16 17 5 10 5 4 15 13 11 3 17 11 14 5 15 14 16 11 4 10 17 16 13 3 14 7 15 9 16 14 13 11 16 9 10 13 9 13 12 13 7 6 1 3 20 7 5 11 9 13 11 13 15 4 9 3 12 12 16 5 13 12 7 12 16 20 15 9 16 14 10000 1 16 6 6 14 15 19 5 
19 10 17 2 6 18 15 10 16 18 8 11 14 12 16 16 15 10 16 5 4 18 11 10 8 20 16 6 6 21 13 9 21 14 4 4 18 5 22 6 19 9 21 15 14 17 18 12 9 4 5 7 20 6 8 6 2 7 17 12 14 15 13 11 6 14 20 1 15 12 5 15 15 16 12 15 11 15 16 19 16 11 2 20 17 2 13 17 15 10 15 12 17 11 16 14 12 17 22 19 18 16 9 9 6 13 6 13 16 18 17 7 15 12 2 14 11 15 17 18 14 14 17 18 5 11 6 4 16 14 12 3 17 11 15 6 15 15 17 12 3 11 17 17 13 3 14 7 15 10 16 14 13 11 16 9 10 13 10 13 13 14 8 6 2 3 21 8 5 12 10 14 12 13 16 4 9 3 13 13 17 5 14 12 7 12 16 21 16 10 17 15 1 10000 17 6 6 15 15 20 4 
6 18 12 17 12 5 4 8 17 7 13 6 18 15 13 8 13 15 19 14 18 2 14 18 9 7 10 11 14 10 5 16 7 6 19 19 3 13 9 14 7 9 11 4 12 5 6 8 10 15 13 12 8 12 9 12 17 17 15 9 10 6 13 7 16 19 7 16 7 5 18 21 4 6 9 7 8 17 18 8 10 8 15 6 1 15 7 1 7 8 5 17 14 9 6 3 8 3 8 8 7 8 17 9 18 5 18 18 7 5 4 15 5 6 18 14 17 19 8 4 7 4 8 13 21 15 14 14 18 5 6 16 14 9 3 11 18 6 7 6 19 12 13 7 5 17 12 17 19 10 18 20 11 6 19 9 10 10 8 17 6 4 10 16 16 15 10 10 19 6 8 8 13 16 18 14 13 17 5 4 10 21 8 19 10 19 10 8 13 12 12 3 16 17 10000 14 19 2 13 10 20 
15 6 11 8 8 14 14 7 10 14 10 9 9 6 10 11 9 4 10 9 9 15 5 5 8 16 17 6 10 17 12 4 17 14 7 6 14 8 17 9 15 9 16 14 9 13 14 7 5 3 2 3 15 3 7 3 8 3 11 13 8 14 7 7 11 9 16 6 11 11 4 10 11 12 7 10 11 9 10 15 11 12 5 16 14 5 13 14 10 9 11 7 11 12 16 12 7 14 17 14 13 11 4 6 4 12 4 8 16 14 13 2 15 9 8 8 6 10 12 15 10 12 17 12 10 5 9 7 10 10 11 8 11 7 12 5 10 11 12 9 8 5 12 13 13 9 9 3 10 5 10 9 8 9 10 10 12 8 6 8 12 12 5 3 6 8 16 9 6 9 6 15 6 8 10 3 4 5 10 11 11 10 14 7 5 8 17 17 10 4 11 13 6 6 14 10000 6 12 10 15 9 
20 6 15 7 11 19 19 12 12 19 13 14 10 9 14 16 13 8 12 11 8 20 9 6 12 21 21 10 11 21 17 6 22 18 4 3 20 10 22 11 20 13 20 19 13 19 19 12 10 5 6 8 20 8 11 8 7 4 15 17 13 19 11 12 11 10 21 6 16 15 2 11 16 17 12 15 15 11 12 20 16 15 6 21 19 7 17 19 15 13 16 9 14 16 20 17 12 19 22 19 18 16 5 11 2 17 2 10 20 20 18 5 19 14 7 12 8 11 17 20 15 16 21 16 7 8 11 9 12 15 15 8 15 12 17 9 12 16 17 14 5 10 16 18 17 8 13 4 11 10 13 9 12 14 12 13 15 13 11 10 16 17 10 3 7 9 21 12 2 14 11 18 10 10 12 6 8 4 15 16 16 7 18 7 9 8 21 22 15 9 15 18 6 6 19 6 10000 17 14 19 6 
6 16 11 15 11 5 4 6 15 6 12 4 16 13 11 7 12 13 17 12 17 4 12 16 8 7 11 9 13 10 5 14 7 6 17 17 3 11 9 13 6 8 10 5 11 4 5 6 8 13 11 10 8 10 7 10 16 15 13 9 9 6 11 5 14 17 7 15 5 4 16 19 2 5 8 6 7 15 17 7 8 8 14 6 2 13 7 3 5 6 4 15 13 8 7 2 6 3 9 8 6 6 15 7 16 4 16 16 8 5 3 13 6 4 17 12 15 17 7 4 5 2 9 11 19 13 13 12 16 3 6 15 12 7 1 10 16 4 6 4 18 10 11 6 5 16 10 15 17 8 17 19 9 4 17 8 10 8 6 15 5 3 8 14 14 14 10 9 17 4 7 8 11 14 16 12 11 15 3 2 9 19 8 17 9 18 11 8 11 10 10 3 14 15 2 12 17 10000 11 9 19 
9 9 2 16 15 9 15 9 5 8 17 10 7 5 1 5 1 7 8 16 18 14 5 10 12 10 20 12 17 9 14 8 11 15 16 15 11 15 10 17 9 14 8 15 1 9 9 7 8 12 10 8 8 10 11 10 17 11 3 17 3 16 3 9 18 8 10 15 6 13 13 9 9 7 5 6 14 5 6 8 4 16 14 11 12 14 16 12 7 12 8 6 2 16 17 11 6 11 11 7 8 5 9 9 13 13 12 7 18 10 10 9 16 9 17 3 8 7 5 11 7 12 19 3 19 6 17 15 6 9 14 17 2 6 10 12 6 7 7 9 17 5 3 7 15 18 2 11 7 7 6 10 3 10 7 14 17 4 9 6 14 13 9 11 15 16 8 14 15 9 9 17 4 5 6 11 7 14 10 10 4 19 17 9 10 10 20 10 1 6 2 13 15 15 13 10 14 11 10000 7 18 
5 16 6 21 18 5 13 11 11 4 19 11 13 12 6 4 7 12 13 19 23 11 11 16 15 5 19 15 20 3 13 14 6 15 21 21 8 18 4 20 4 16 1 14 7 6 5 9 11 17 15 13 3 14 13 14 21 16 7 17 7 15 9 11 21 14 5 19 5 13 18 15 8 5 9 6 15 12 12 3 4 16 18 6 10 18 16 10 6 13 7 13 7 17 16 10 9 8 5 2 4 5 15 12 18 13 18 13 17 6 7 15 15 10 22 9 14 13 4 7 7 11 18 5 24 12 20 18 12 8 14 21 6 9 9 15 12 7 5 10 22 10 5 4 14 22 7 16 14 11 12 16 7 11 13 16 18 7 11 12 14 12 12 17 19 20 2 16 20 10 11 17 10 11 12 16 12 19 10 10 4 24 17 16 13 16 20 5 6 11 5 12 19 20 10 15 19 9 7 10000 23 
22 12 19 4 9 21 19 14 17 22 10 15 16 14 19 19 18 12 17 8 4 21 13 11 11 23 19 10 8 25 17 11 24 17 3 3 21 8 25 8 22 12 24 19 17 21 21 15 13 7 8 11 23 10 12 9 4 9 19 15 17 18 16 14 8 16 23 5 19 16 6 16 18 19 15 18 14 17 18 23 20 14 5 24 20 6 16 20 18 13 18 14 19 15 19 17 15 21 25 22 21 19 10 12 6 17 7 15 19 22 20 10 19 16 3 16 13 17 20 22 17 17 20 20 1 13 8 8 17 17 15 5 20 15 18 9 17 18 20 15 2 14 20 20 17 4 17 9 17 13 18 15 16 15 17 13 13 16 13 15 16 17 12 7 5 6 24 11 4 15 13 17 14 15 18 8 12 5 16 17 20 1 17 13 11 13 19 24 19 13 19 18 5 4 20 9 6 19 18 23 10000 
